model,row_id,Subject,deleted_position,term,dfbetas,abs_dfbetas
right_main,345,133019,1,c_ICV,0.027254913013722612,0.027254913013722612
right_main,345,133019,1,c_right_hpc_vs,0.08988419067745386,0.08988419067745386
right_main,346,295146,2,c_ICV,-0.01853719290827924,0.01853719290827924
right_main,346,295146,2,c_right_hpc_vs,-0.05581283659681112,0.05581283659681112
right_main,347,725751,3,c_ICV,-0.021369532668961758,0.021369532668961758
right_main,347,725751,3,c_right_hpc_vs,8.351744915955949e-4,8.351744915955949e-4
right_main,348,123521,4,c_ICV,0.06623282246820587,0.06623282246820587
right_main,348,123521,4,c_right_hpc_vs,-0.10827940204222843,0.10827940204222843
right_main,349,138837,5,c_ICV,-0.0122625479695372,0.0122625479695372
right_main,349,138837,5,c_right_hpc_vs,0.01723792159776272,0.01723792159776272
right_main,350,389357,6,c_ICV,-0.042368648018564437,0.042368648018564437
right_main,350,389357,6,c_right_hpc_vs,0.03063661733005074,0.03063661733005074
right_main,351,784565,7,c_ICV,0.041372613612570656,0.041372613612570656
right_main,351,784565,7,c_right_hpc_vs,0.04457372033257929,0.04457372033257929
right_main,352,176037,8,c_ICV,0.042389437568492346,0.042389437568492346
right_main,352,176037,8,c_right_hpc_vs,-0.04269482173907485,0.04269482173907485
right_main,353,497865,9,c_ICV,0.032443648372878026,0.032443648372878026
right_main,353,497865,9,c_right_hpc_vs,0.08497360106656775,0.08497360106656775
right_main,354,136732,10,c_ICV,0.04364607646367743,0.04364607646367743
right_main,354,136732,10,c_right_hpc_vs,-0.03363213872211647,0.03363213872211647
right_main,355,192540,11,c_ICV,0.004390136899083165,0.004390136899083165
right_main,355,192540,11,c_right_hpc_vs,-2.635944178611799e-4,2.635944178611799e-4
right_main,357,952863,12,c_ICV,0.07327360952331341,0.07327360952331341
right_main,357,952863,12,c_right_hpc_vs,0.09559107558677933,0.09559107558677933
right_main,358,567052,13,c_ICV,0.010305122160084664,0.010305122160084664
right_main,358,567052,13,c_right_hpc_vs,-0.014248197577485166,0.014248197577485166
right_main,359,130619,14,c_ICV,-0.01946572134630784,0.01946572134630784
right_main,359,130619,14,c_right_hpc_vs,0.001389707696533699,0.001389707696533699
right_main,360,210011,15,c_ICV,-0.042588316216161985,0.042588316216161985
right_main,360,210011,15,c_right_hpc_vs,0.06836132370309354,0.06836132370309354
right_main,362,436239,16,c_ICV,0.01705301298549397,0.01705301298549397
right_main,362,436239,16,c_right_hpc_vs,-0.015953799421670464,0.015953799421670464
right_main,363,896879,17,c_ICV,-0.013254023713012606,0.013254023713012606
right_main,363,896879,17,c_right_hpc_vs,0.04244229727234549,0.04244229727234549
right_main,364,146432,18,c_ICV,0.14755660376532273,0.14755660376532273
right_main,364,146432,18,c_right_hpc_vs,-0.033207089660880616,0.033207089660880616
right_main,365,190031,19,c_ICV,0.0557820114457728,0.0557820114457728
right_main,365,190031,19,c_right_hpc_vs,-0.017349990687605628,0.017349990687605628
right_main,366,309636,20,c_ICV,-0.03848082971314975,0.03848082971314975
right_main,366,309636,20,c_right_hpc_vs,0.06351835611548351,0.06351835611548351
right_main,367,201818,21,c_ICV,-0.031125039473956843,0.031125039473956843
right_main,367,201818,21,c_right_hpc_vs,-0.02657575833260776,0.02657575833260776
right_main,368,168240,22,c_ICV,0.03476708360711353,0.03476708360711353
right_main,368,168240,22,c_right_hpc_vs,-0.015947339232831315,0.015947339232831315
right_main,369,172332,23,c_ICV,-0.05372387410406836,0.05372387410406836
right_main,369,172332,23,c_right_hpc_vs,-0.047057612063392776,0.047057612063392776
right_main,370,177645,24,c_ICV,-0.007833025176896371,0.007833025176896371
right_main,370,177645,24,c_right_hpc_vs,0.0033627001536661303,0.0033627001536661303
right_main,371,210415,25,c_ICV,-0.03386475822955675,0.03386475822955675
right_main,371,210415,25,c_right_hpc_vs,-0.05953140575940881,0.05953140575940881
right_main,372,133928,26,c_ICV,0.0023604511177869824,0.0023604511177869824
right_main,372,133928,26,c_right_hpc_vs,-0.008914106100550571,0.008914106100550571
right_main,373,188347,27,c_ICV,-0.009071046313859313,0.009071046313859313
right_main,373,188347,27,c_right_hpc_vs,-0.001419841821749147,0.001419841821749147
right_main,375,744553,28,c_ICV,0.05482641695778675,0.05482641695778675
right_main,375,744553,28,c_right_hpc_vs,0.10198766328892074,0.10198766328892074
right_main,376,771354,29,c_ICV,0.021469388976955897,0.021469388976955897
right_main,376,771354,29,c_right_hpc_vs,-0.023311227668433937,0.023311227668433937
right_main,377,214019,30,c_ICV,-0.0298168469117925,0.0298168469117925
right_main,377,214019,30,c_right_hpc_vs,-0.01386531127358609,0.01386531127358609
right_main,378,371843,31,c_ICV,0.0016591722436190188,0.0016591722436190188
right_main,378,371843,31,c_right_hpc_vs,-0.04908466517982638,0.04908466517982638
right_main,379,167036,32,c_ICV,-0.02250434385018738,0.02250434385018738
right_main,379,167036,32,c_right_hpc_vs,-0.05867923904787123,0.05867923904787123
right_main,381,459453,33,c_ICV,-0.04812359447661348,0.04812359447661348
right_main,381,459453,33,c_right_hpc_vs,-0.0013073720161890891,0.0013073720161890891
right_main,382,212419,34,c_ICV,0.017782550313933367,0.017782550313933367
right_main,382,212419,34,c_right_hpc_vs,-0.09629864598196809,0.09629864598196809
right_main,383,927359,35,c_ICV,-0.02890521226177189,0.02890521226177189
right_main,383,927359,35,c_right_hpc_vs,0.03718269949926551,0.03718269949926551
right_main,384,568963,36,c_ICV,0.05319860220855219,0.05319860220855219
right_main,384,568963,36,c_right_hpc_vs,0.003946571162962046,0.003946571162962046
right_main,385,917558,37,c_ICV,0.007859234567250585,0.007859234567250585
right_main,385,917558,37,c_right_hpc_vs,-0.036489890890235736,0.036489890890235736
right_main,387,144832,38,c_ICV,-0.011856919988019413,0.011856919988019413
right_main,387,144832,38,c_right_hpc_vs,0.004853921787902446,0.004853921787902446
right_main,388,211922,39,c_ICV,0.0060212524194314014,0.0060212524194314014
right_main,388,211922,39,c_right_hpc_vs,-0.10544446940643587,0.10544446940643587
right_main,389,155635,40,c_ICV,-0.009567891089165503,0.009567891089165503
right_main,389,155635,40,c_right_hpc_vs,-0.001252101623556531,0.001252101623556531
right_main,390,111312,41,c_ICV,-0.0221871253190973,0.0221871253190973
right_main,390,111312,41,c_right_hpc_vs,-0.1220964175827084,0.1220964175827084
right_main,391,151728,42,c_ICV,0.029689997829916076,0.029689997829916076
right_main,391,151728,42,c_right_hpc_vs,-0.01860741036481152,0.01860741036481152
right_main,392,127630,43,c_ICV,0.018484406975406563,0.018484406975406563
right_main,392,127630,43,c_right_hpc_vs,0.050860035641454956,0.050860035641454956
right_main,394,158540,44,c_ICV,-0.011305163352896058,0.011305163352896058
right_main,394,158540,44,c_right_hpc_vs,0.00979248285050891,0.00979248285050891
right_main,395,181232,45,c_ICV,0.005817565622537216,0.005817565622537216
right_main,395,181232,45,c_right_hpc_vs,0.06764328252371939,0.06764328252371939
right_main,396,135225,46,c_ICV,-0.03837093753895193,0.03837093753895193
right_main,396,135225,46,c_right_hpc_vs,-0.0021739523079471433,0.0021739523079471433
right_main,397,179245,47,c_ICV,-0.03791058555661367,0.03791058555661367
right_main,397,179245,47,c_right_hpc_vs,-0.047453287162209416,0.047453287162209416
right_main,398,540436,48,c_ICV,-0.014608397165422652,0.014608397165422652
right_main,398,540436,48,c_right_hpc_vs,0.02842488346643149,0.02842488346643149
right_main,399,169444,49,c_ICV,-0.00551364940786873,0.00551364940786873
right_main,399,169444,49,c_right_hpc_vs,-3.631301104174399e-4,3.631301104174399e-4
right_main,400,150625,50,c_ICV,-0.09574273482267778,0.09574273482267778
right_main,400,150625,50,c_right_hpc_vs,0.0823973548582362,0.0823973548582362
right_main,401,147030,51,c_ICV,0.005798044444208242,0.005798044444208242
right_main,401,147030,51,c_right_hpc_vs,-0.02341363992956124,0.02341363992956124
right_main,402,339847,52,c_ICV,-7.23173117150598e-4,7.23173117150598e-4
right_main,402,339847,52,c_right_hpc_vs,-0.043136750198717516,0.043136750198717516
right_main,403,195950,53,c_ICV,0.036000935719484844,0.036000935719484844
right_main,403,195950,53,c_right_hpc_vs,0.03320272960048217,0.03320272960048217
right_main,404,176542,54,c_ICV,0.006865345618479418,0.006865345618479418
right_main,404,176542,54,c_right_hpc_vs,0.0010087268548635592,0.0010087268548635592
right_main,405,100408,55,c_ICV,-0.027220310206298556,0.027220310206298556
right_main,405,100408,55,c_right_hpc_vs,0.052843847273070454,0.052843847273070454
right_main,406,246133,56,c_ICV,8.856545378897353e-4,8.856545378897353e-4
right_main,406,246133,56,c_right_hpc_vs,0.041478106551382635,0.041478106551382635
right_main,407,609143,57,c_ICV,-0.009278541435794787,0.009278541435794787
right_main,407,609143,57,c_right_hpc_vs,0.00311867958611402,0.00311867958611402
right_main,408,172029,58,c_ICV,-0.025068550668856267,0.025068550668856267
right_main,408,172029,58,c_right_hpc_vs,0.004671295530270042,0.004671295530270042
right_main,409,236130,59,c_ICV,-0.008332389964485081,0.008332389964485081
right_main,409,236130,59,c_right_hpc_vs,-4.006451939915253e-6,4.006451939915253e-6
right_main,410,203923,60,c_ICV,-0.022388269952069582,0.022388269952069582
right_main,410,203923,60,c_right_hpc_vs,0.0181884014122853,0.0181884014122853
right_main,411,657659,61,c_ICV,-0.02549079274120733,0.02549079274120733
right_main,411,657659,61,c_right_hpc_vs,0.044616890076475985,0.044616890076475985
right_main,412,445543,62,c_ICV,0.03446113450634985,0.03446113450634985
right_main,412,445543,62,c_right_hpc_vs,-0.01902427161578218,0.01902427161578218
right_main,413,141119,63,c_ICV,-0.00944361271428205,0.00944361271428205
right_main,413,141119,63,c_right_hpc_vs,0.1047722881713286,0.1047722881713286
right_main,414,104012,64,c_ICV,0.2007991183807456,0.2007991183807456
right_main,414,104012,64,c_right_hpc_vs,0.029733975288618496,0.029733975288618496
right_main,415,214726,65,c_ICV,-0.030321869138024867,0.030321869138024867
right_main,415,214726,65,c_right_hpc_vs,0.030744953679546338,0.030744953679546338
right_main,416,751550,66,c_ICV,0.00632453935550214,0.00632453935550214
right_main,416,751550,66,c_right_hpc_vs,-8.24941940450837e-5,8.24941940450837e-5
right_main,417,782561,67,c_ICV,-0.02243053988323736,0.02243053988323736
right_main,417,782561,67,c_right_hpc_vs,0.0011783501325434065,0.0011783501325434065
right_main,418,932554,68,c_ICV,-0.0355094723355695,0.0355094723355695
right_main,418,932554,68,c_right_hpc_vs,0.025221013322153776,0.025221013322153776
right_main,419,146937,69,c_ICV,0.015128530493235096,0.015128530493235096
right_main,419,146937,69,c_right_hpc_vs,-0.006336916388389666,0.006336916388389666
right_main,420,587664,70,c_ICV,0.06758716338131329,0.06758716338131329
right_main,420,587664,70,c_right_hpc_vs,-0.1396672921409085,0.1396672921409085
right_main,421,134829,71,c_ICV,-0.007576718132544882,0.007576718132544882
right_main,421,134829,71,c_right_hpc_vs,-0.01891621751586549,0.01891621751586549
right_main,422,286650,72,c_ICV,0.08806751355357748,0.08806751355357748
right_main,422,286650,72,c_right_hpc_vs,-0.0350564653914755,0.0350564653914755
right_main,423,199655,73,c_ICV,-0.045378397885184836,0.045378397885184836
right_main,423,199655,73,c_right_hpc_vs,0.10114676100832376,0.10114676100832376
right_main,424,467351,74,c_ICV,-0.009074825628593741,0.009074825628593741
right_main,424,467351,74,c_right_hpc_vs,-0.0035487830031955734,0.0035487830031955734
right_main,425,365343,75,c_ICV,-0.008146969715084603,0.008146969715084603
right_main,425,365343,75,c_right_hpc_vs,-0.00519579036231595,0.00519579036231595
right_main,426,155938,76,c_ICV,0.08180358288281436,0.08180358288281436
right_main,426,155938,76,c_right_hpc_vs,0.03885582922422241,0.03885582922422241
right_main,427,174841,77,c_ICV,-0.007738214620624173,0.007738214620624173
right_main,427,174841,77,c_right_hpc_vs,0.008320130006881966,0.008320130006881966
right_main,428,124826,78,c_ICV,0.016451560263209996,0.016451560263209996
right_main,428,124826,78,c_right_hpc_vs,0.001539272163095835,0.001539272163095835
right_main,429,597869,79,c_ICV,0.0026103330266167807,0.0026103330266167807
right_main,429,597869,79,c_right_hpc_vs,0.0037947027654341835,0.0037947027654341835
right_main,430,103818,80,c_ICV,-0.021834736910097862,0.021834736910097862
right_main,430,103818,80,c_right_hpc_vs,-0.033038244964275015,0.033038244964275015
right_main,431,275645,81,c_ICV,0.034000160067242255,0.034000160067242255
right_main,431,275645,81,c_right_hpc_vs,-0.05651265303572856,0.05651265303572856
right_main,432,852455,82,c_ICV,-0.048772471413204725,0.048772471413204725
right_main,432,852455,82,c_right_hpc_vs,-0.042206079399568976,0.042206079399568976
right_main,433,107018,83,c_ICV,-0.001771897899380773,0.001771897899380773
right_main,433,107018,83,c_right_hpc_vs,0.0013038991395391633,0.0013038991395391633
right_main,434,130821,84,c_ICV,-0.045350410641134466,0.045350410641134466
right_main,434,130821,84,c_right_hpc_vs,0.00978703553934802,0.00978703553934802
right_main,435,663755,85,c_ICV,-0.031056191546902593,0.031056191546902593
right_main,435,663755,85,c_right_hpc_vs,0.043268497227719416,0.043268497227719416
right_main,436,700634,86,c_ICV,-0.09890713219356399,0.09890713219356399
right_main,436,700634,86,c_right_hpc_vs,-0.012873549093850146,0.012873549093850146
right_main,437,245333,87,c_ICV,-0.04119233534724492,0.04119233534724492
right_main,437,245333,87,c_right_hpc_vs,-0.018468731329948643,0.018468731329948643
right_main,438,397861,88,c_ICV,0.035204209182528666,0.035204209182528666
right_main,438,397861,88,c_right_hpc_vs,0.019410649066608596,0.019410649066608596
right_main,439,751348,89,c_ICV,-0.027959700023074886,0.027959700023074886
right_main,439,751348,89,c_right_hpc_vs,0.011786191233807747,0.011786191233807747
right_main,440,163331,90,c_ICV,-0.05809233480327316,0.05809233480327316
right_main,440,163331,90,c_right_hpc_vs,-0.06631405133562107,0.06631405133562107
right_main,442,116726,91,c_ICV,0.006193766746408096,0.006193766746408096
right_main,442,116726,91,c_right_hpc_vs,-0.009975197406393608,0.009975197406393608
right_main,443,135932,92,c_ICV,-0.006484828239042491,0.006484828239042491
right_main,443,135932,92,c_right_hpc_vs,0.009734132037691393,0.009734132037691393
right_main,444,188448,93,c_ICV,0.009847932761455739,0.009847932761455739
right_main,444,188448,93,c_right_hpc_vs,-0.04460241993064803,0.04460241993064803
right_main,445,199453,94,c_ICV,-0.020365829323516195,0.020365829323516195
right_main,445,199453,94,c_right_hpc_vs,-0.014862727033698073,0.014862727033698073
right_main,446,114621,95,c_ICV,-0.015896731219169197,0.015896731219169197
right_main,446,114621,95,c_right_hpc_vs,0.04708555384059787,0.04708555384059787
right_main,447,148941,96,c_ICV,-0.02729248245587955,0.02729248245587955
right_main,447,148941,96,c_right_hpc_vs,0.0026924688312939113,0.0026924688312939113
right_main,448,194140,97,c_ICV,-0.0607519549901912,0.0607519549901912
right_main,448,194140,97,c_right_hpc_vs,-0.024336434833208173,0.024336434833208173
right_main,449,833148,98,c_ICV,0.0431769956249266,0.0431769956249266
right_main,449,833148,98,c_right_hpc_vs,-0.06540622115532208,0.06540622115532208
right_main,450,153429,99,c_ICV,-0.0038837477680887787,0.0038837477680887787
right_main,450,153429,99,c_right_hpc_vs,0.022706976429674,0.022706976429674
right_main,451,947668,100,c_ICV,0.01095590905309904,0.01095590905309904
right_main,451,947668,100,c_right_hpc_vs,-0.07637795038360971,0.07637795038360971
right_main,452,541943,101,c_ICV,0.022916798308118567,0.022916798308118567
right_main,452,541943,101,c_right_hpc_vs,0.021750757526114398,0.021750757526114398
right_main,453,159744,102,c_ICV,0.015774083708306658,0.015774083708306658
right_main,453,159744,102,c_right_hpc_vs,-0.0017454814991323417,0.0017454814991323417
right_main,454,317332,103,c_ICV,-0.025762518493045995,0.025762518493045995
right_main,454,317332,103,c_right_hpc_vs,0.011457054106911507,0.011457054106911507
right_main,455,120717,104,c_ICV,-0.007372941156110475,0.007372941156110475
right_main,455,120717,104,c_right_hpc_vs,-0.002139833925215972,0.002139833925215972
right_main,456,138231,105,c_ICV,-0.04194678705078234,0.04194678705078234
right_main,456,138231,105,c_right_hpc_vs,0.08197878723235123,0.08197878723235123
right_main,457,304727,106,c_ICV,-0.0641604674873547,0.0641604674873547
right_main,457,304727,106,c_right_hpc_vs,-0.02192526487199394,0.02192526487199394
right_main,458,204521,107,c_ICV,-0.07378184929648869,0.07378184929648869
right_main,458,204521,107,c_right_hpc_vs,-0.03204986092770568,0.03204986092770568
right_main,459,178142,108,c_ICV,-0.02276482048728346,0.02276482048728346
right_main,459,178142,108,c_right_hpc_vs,0.010958288054491581,0.010958288054491581
right_main,460,680957,109,c_ICV,-0.0066995051534330646,0.0066995051534330646
right_main,460,680957,109,c_right_hpc_vs,0.00521178980329907,0.00521178980329907
right_main,461,311320,110,c_ICV,0.02511782585464367,0.02511782585464367
right_main,461,311320,110,c_right_hpc_vs,-0.024226650518345896,0.024226650518345896
right_main,462,485757,111,c_ICV,-0.009212845132856105,0.009212845132856105
right_main,462,485757,111,c_right_hpc_vs,-0.003112095232373926,0.003112095232373926
right_main,463,594156,112,c_ICV,0.015271861455334976,0.015271861455334976
right_main,463,594156,112,c_right_hpc_vs,0.0190757293641227,0.0190757293641227
right_main,464,237334,113,c_ICV,0.010501895113856782,0.010501895113856782
right_main,464,237334,113,c_right_hpc_vs,-0.020655399872483306,0.020655399872483306
right_main,465,118528,114,c_ICV,-0.020309267758747796,0.020309267758747796
right_main,465,118528,114,c_right_hpc_vs,-0.019298834640196997,0.019298834640196997
right_main,466,626648,115,c_ICV,0.018053707466564227,0.018053707466564227
right_main,466,626648,115,c_right_hpc_vs,0.029971682041622805,0.029971682041622805
right_main,467,580650,116,c_ICV,-0.02161056691076122,0.02161056691076122
right_main,467,580650,116,c_right_hpc_vs,0.04133895079597126,0.04133895079597126
right_main,468,873968,117,c_ICV,-0.024421405113970566,0.024421405113970566
right_main,468,873968,117,c_right_hpc_vs,0.031762956266695334,0.031762956266695334
right_main,469,917255,118,c_ICV,-0.007462740501917995,0.007462740501917995
right_main,469,917255,118,c_right_hpc_vs,0.015813251643248094,0.015813251643248094
right_main,470,194847,119,c_ICV,-0.0026605484726897853,0.0026605484726897853
right_main,470,194847,119,c_right_hpc_vs,0.01691136701623841,0.01691136701623841
right_main,471,429040,120,c_ICV,0.07187670787596125,0.07187670787596125
right_main,471,429040,120,c_right_hpc_vs,0.002112512049772347,0.002112512049772347
right_main,472,154532,121,c_ICV,-0.06520260757078147,0.06520260757078147
right_main,472,154532,121,c_right_hpc_vs,0.04410557814820332,0.04410557814820332
right_main,474,180937,122,c_ICV,0.0937671395894176,0.0937671395894176
right_main,474,180937,122,c_right_hpc_vs,-0.02835838032248282,0.02835838032248282
right_main,475,599671,123,c_ICV,-0.008759571132142043,0.008759571132142043
right_main,475,599671,123,c_right_hpc_vs,-0.0025083572208883503,0.0025083572208883503
right_main,476,709551,124,c_ICV,-6.501398222854105e-4,6.501398222854105e-4
right_main,476,709551,124,c_right_hpc_vs,0.026376677739495945,0.026376677739495945
right_main,477,148032,125,c_ICV,-0.037238618855310233,0.037238618855310233
right_main,477,148032,125,c_right_hpc_vs,0.0047206566960269125,0.0047206566960269125
right_main,478,172130,126,c_ICV,0.016393694733416432,0.016393694733416432
right_main,478,172130,126,c_right_hpc_vs,0.054278500308312216,0.054278500308312216
right_main,479,149236,127,c_ICV,-0.027785693184378544,0.027785693184378544
right_main,479,149236,127,c_right_hpc_vs,0.01594904492378131,0.01594904492378131
right_main,480,187850,128,c_ICV,-0.009666942739985673,0.009666942739985673
right_main,480,187850,128,c_right_hpc_vs,-5.842225662167087e-4,5.842225662167087e-4
right_main,481,158843,129,c_ICV,-0.025283796247703102,0.025283796247703102
right_main,481,158843,129,c_right_hpc_vs,-0.036227532834776796,0.036227532834776796
right_main,483,140319,130,c_ICV,-0.00429388527759551,0.00429388527759551
right_main,483,140319,130,c_right_hpc_vs,0.0011292014022413841,0.0011292014022413841
right_main,485,156334,131,c_ICV,-0.0030329413712747765,0.0030329413712747765
right_main,485,156334,131,c_right_hpc_vs,-0.014242081808287546,0.014242081808287546
right_main,486,128026,132,c_ICV,-0.008579525824962493,0.008579525824962493
right_main,486,128026,132,c_right_hpc_vs,-0.001975945152225606,0.001975945152225606
right_main,487,187547,133,c_ICV,0.022503767029614097,0.022503767029614097
right_main,487,187547,133,c_right_hpc_vs,-0.004888114919098775,0.004888114919098775
right_main,488,129129,134,c_ICV,-0.02984582715566389,0.02984582715566389
right_main,488,129129,134,c_right_hpc_vs,-0.04338541561811145,0.04338541561811145
right_main,489,104416,135,c_ICV,-0.03912006419227076,0.03912006419227076
right_main,489,104416,135,c_right_hpc_vs,0.014989054051110097,0.014989054051110097
right_main,490,687163,136,c_ICV,0.010009192756088818,0.010009192756088818
right_main,490,687163,136,c_right_hpc_vs,0.002595684645593027,0.002595684645593027
right_main,491,102816,137,c_ICV,-6.602819244633374e-5,6.602819244633374e-5
right_main,491,102816,137,c_right_hpc_vs,0.02066641244034947,0.02066641244034947
right_main,492,144731,138,c_ICV,-0.011288232290974769,0.011288232290974769
right_main,492,144731,138,c_right_hpc_vs,-0.018189370152197577,0.018189370152197577
right_main,493,195041,139,c_ICV,-0.06129134234976116,0.06129134234976116
right_main,493,195041,139,c_right_hpc_vs,0.019234283712535077,0.019234283712535077
right_main,494,121921,140,c_ICV,0.05756027991605488,0.05756027991605488
right_main,494,121921,140,c_right_hpc_vs,-0.11186888197746192,0.11186888197746192
right_main,495,789373,141,c_ICV,0.053978595446348615,0.053978595446348615
right_main,495,789373,141,c_right_hpc_vs,0.009521661632765481,0.009521661632765481
right_main,496,322224,142,c_ICV,-0.047866581480926956,0.047866581480926956
right_main,496,322224,142,c_right_hpc_vs,-0.03296604533541593,0.03296604533541593
right_main,497,114217,143,c_ICV,0.024559771025733087,0.024559771025733087
right_main,497,114217,143,c_right_hpc_vs,0.13184190245298258,0.13184190245298258
right_main,498,942658,144,c_ICV,0.028023659052075274,0.028023659052075274
right_main,498,942658,144,c_right_hpc_vs,-0.07322275228526164,0.07322275228526164
right_main,499,196750,145,c_ICV,-0.00973521006920745,0.00973521006920745
right_main,499,196750,145,c_right_hpc_vs,0.001092166652035882,0.001092166652035882
right_main,500,912447,146,c_ICV,0.05063030134585068,0.05063030134585068
right_main,500,912447,146,c_right_hpc_vs,0.01763053996121923,0.01763053996121923
right_main,501,205220,147,c_ICV,-0.00680610769846738,0.00680610769846738
right_main,501,205220,147,c_right_hpc_vs,1.816045103212838e-4,1.816045103212838e-4
right_main,502,381543,148,c_ICV,-0.009382301116076693,0.009382301116076693
right_main,502,381543,148,c_right_hpc_vs,0.0022804852593884505,0.0022804852593884505
right_main,503,299154,149,c_ICV,0.030865538907622676,0.030865538907622676
right_main,503,299154,149,c_right_hpc_vs,0.06527249697623745,0.06527249697623745
right_main,504,765056,150,c_ICV,-0.02490308656995287,0.02490308656995287
right_main,504,765056,150,c_right_hpc_vs,-0.0049757339294495845,0.0049757339294495845
right_main,505,660951,151,c_ICV,0.03149327993860259,0.03149327993860259
right_main,505,660951,151,c_right_hpc_vs,-0.11864125940074548,0.11864125940074548
right_main,507,118124,152,c_ICV,-0.08327600786000743,0.08327600786000743
right_main,507,118124,152,c_right_hpc_vs,0.0322983513078596,0.0322983513078596
right_main,508,134425,153,c_ICV,0.027756808354519137,0.027756808354519137
right_main,508,134425,153,c_right_hpc_vs,-0.0023944509969916626,0.0023944509969916626
right_main,509,192843,154,c_ICV,7.306767095559492e-4,7.306767095559492e-4
right_main,509,192843,154,c_right_hpc_vs,-0.009425519566293629,0.009425519566293629
right_main,510,111413,155,c_ICV,-0.007115214249070078,0.007115214249070078
right_main,510,111413,155,c_right_hpc_vs,-0.00101436544725525,0.00101436544725525
right_main,511,161731,156,c_ICV,-0.0013782430511944097,0.0013782430511944097
right_main,511,161731,156,c_right_hpc_vs,-4.4756098605869466e-4,4.4756098605869466e-4
right_main,512,599065,157,c_ICV,-0.024579701012025196,0.024579701012025196
right_main,512,599065,157,c_right_hpc_vs,0.005467558083589876,0.005467558083589876
right_main,513,346137,158,c_ICV,0.011235943894664346,0.011235943894664346
right_main,513,346137,158,c_right_hpc_vs,-0.04306843070080637,0.04306843070080637
right_main,514,615744,159,c_ICV,0.01980780319201783,0.01980780319201783
right_main,514,615744,159,c_right_hpc_vs,-0.03379676854906005,0.03379676854906005
right_main,515,212318,160,c_ICV,-0.004257552264101948,0.004257552264101948
right_main,515,212318,160,c_right_hpc_vs,0.005280710376403047,0.005280710376403047
right_main,516,894673,161,c_ICV,-0.02468781779816067,0.02468781779816067
right_main,516,894673,161,c_right_hpc_vs,0.0035090515363284873,0.0035090515363284873
right_main,517,250932,162,c_ICV,-0.030332028241948576,0.030332028241948576
right_main,517,250932,162,c_right_hpc_vs,-0.005834045311053516,0.005834045311053516
right_main,518,871762,163,c_ICV,0.03429183523520154,0.03429183523520154
right_main,518,871762,163,c_right_hpc_vs,-0.06797012140170464,0.06797012140170464
right_main,519,186444,164,c_ICV,-0.028557180914451363,0.028557180914451363
right_main,519,186444,164,c_right_hpc_vs,-0.022143631245861498,0.022143631245861498
right_main,520,702133,165,c_ICV,-0.009328388166943076,0.009328388166943076
right_main,520,702133,165,c_right_hpc_vs,-0.0016095314142739491,0.0016095314142739491
right_main,521,177241,166,c_ICV,-0.02032092768723489,0.02032092768723489
right_main,521,177241,166,c_right_hpc_vs,-0.01682238953751288,0.01682238953751288
right_main,522,156233,167,c_ICV,-0.009634305724351595,0.009634305724351595
right_main,522,156233,167,c_right_hpc_vs,-8.389563257099828e-4,8.389563257099828e-4
right_main,523,117324,168,c_ICV,0.06767547431363043,0.06767547431363043
right_main,523,117324,168,c_right_hpc_vs,0.013941045545833506,0.013941045545833506
right_main,524,628248,169,c_ICV,0.037506638044362356,0.037506638044362356
right_main,524,628248,169,c_right_hpc_vs,0.020279499058737962,0.020279499058737962
right_main,525,122317,170,c_ICV,-0.00882808989093146,0.00882808989093146
right_main,525,122317,170,c_right_hpc_vs,-0.03454227140430283,0.03454227140430283
right_main,526,731140,171,c_ICV,0.0021047238014140586,0.0021047238014140586
right_main,526,731140,171,c_right_hpc_vs,0.06459145246534863,0.06459145246534863
right_main,527,336841,172,c_ICV,-0.009507531961606967,0.009507531961606967
right_main,527,336841,172,c_right_hpc_vs,-0.0012129085442702861,0.0012129085442702861
right_main,529,192136,173,c_ICV,-0.06309891868991477,0.06309891868991477
right_main,529,192136,173,c_right_hpc_vs,-0.024959707805360606,0.024959707805360606
right_main,530,110613,174,c_ICV,-0.06270204571379166,0.06270204571379166
right_main,530,110613,174,c_right_hpc_vs,0.08824231872461744,0.08824231872461744
right_main,531,102513,175,c_ICV,0.0022912922125045507,0.0022912922125045507
right_main,531,102513,175,c_right_hpc_vs,0.0077276962065369915,0.0077276962065369915
right_main,532,753150,176,c_ICV,6.710957940028534e-4,6.710957940028534e-4
right_main,532,753150,176,c_right_hpc_vs,-0.021733345691459915,0.021733345691459915
right_main,533,224022,177,c_ICV,-0.04923206591242499,0.04923206591242499
right_main,533,224022,177,c_right_hpc_vs,-0.005378927063068118,0.005378927063068118
right_main,534,586460,178,c_ICV,-0.00826090933913744,0.00826090933913744
right_main,534,586460,178,c_right_hpc_vs,0.00427374651617668,0.00427374651617668
right_main,535,729557,179,c_ICV,0.04793969538563717,0.04793969538563717
right_main,535,729557,179,c_right_hpc_vs,-0.013258509669005304,0.013258509669005304
right_main,536,825048,180,c_ICV,-0.024126931204199745,0.024126931204199745
right_main,536,825048,180,c_right_hpc_vs,-0.08025503992718754,0.08025503992718754
right_main,537,530635,181,c_ICV,-0.02896331197576244,0.02896331197576244
right_main,537,530635,181,c_right_hpc_vs,0.025772095417303423,0.025772095417303423
right_main,538,141422,182,c_ICV,0.056495266203233016,0.056495266203233016
right_main,538,141422,182,c_right_hpc_vs,-0.02039100607011676,0.02039100607011676
right_main,539,645450,183,c_ICV,-0.008651144742162591,0.008651144742162591
right_main,539,645450,183,c_right_hpc_vs,0.010098175997423802,0.010098175997423802
right_main,541,633847,184,c_ICV,0.017023934266030945,0.017023934266030945
right_main,541,633847,184,c_right_hpc_vs,0.023888929105369994,0.023888929105369994
right_main,542,647858,185,c_ICV,-0.06169494495729653,0.06169494495729653
right_main,542,647858,185,c_right_hpc_vs,-0.024488728033187114,0.024488728033187114
right_main,543,188751,186,c_ICV,-0.07390681498043591,0.07390681498043591
right_main,543,188751,186,c_right_hpc_vs,0.019055197019117592,0.019055197019117592
right_main,544,123117,187,c_ICV,0.04708636048098913,0.04708636048098913
right_main,544,123117,187,c_right_hpc_vs,0.03678785288426096,0.03678785288426096
right_main,545,154734,188,c_ICV,0.005385580247712773,0.005385580247712773
right_main,545,154734,188,c_right_hpc_vs,1.8759814425572263e-4,1.8759814425572263e-4
right_main,546,201111,189,c_ICV,0.009217096919984891,0.009217096919984891
right_main,546,201111,189,c_right_hpc_vs,-0.011503519261094263,0.011503519261094263
right_main,547,800941,190,c_ICV,-0.029774086105768642,0.029774086105768642
right_main,547,800941,190,c_right_hpc_vs,0.015087506763990236,0.015087506763990236
right_main,548,397760,191,c_ICV,-0.0115441861037732,0.0115441861037732
right_main,548,397760,191,c_right_hpc_vs,0.011973441994164608,0.011973441994164608
right_main,549,506234,192,c_ICV,-0.04945783716736309,0.04945783716736309
right_main,549,506234,192,c_right_hpc_vs,-0.0016954207846663128,0.0016954207846663128
right_main,550,128632,193,c_ICV,0.022153522544232446,0.022153522544232446
right_main,550,128632,193,c_right_hpc_vs,-0.07424409813407093,0.07424409813407093
right_main,551,126325,194,c_ICV,0.0454980139293141,0.0454980139293141
right_main,551,126325,194,c_right_hpc_vs,0.03016566930432224,0.03016566930432224
right_main,552,352132,195,c_ICV,-0.027521412084245307,0.027521412084245307
right_main,552,352132,195,c_right_hpc_vs,-4.3418983087983534e-5,4.3418983087983534e-5
right_main,553,106319,196,c_ICV,-0.005948509667631545,0.005948509667631545
right_main,553,106319,196,c_right_hpc_vs,0.0016445292521766275,0.0016445292521766275
right_main,554,562446,197,c_ICV,0.058322337581469624,0.058322337581469624
right_main,554,562446,197,c_right_hpc_vs,-0.11409423348247982,0.11409423348247982
right_main,555,169747,198,c_ICV,0.012765852298684127,0.012765852298684127
right_main,555,169747,198,c_right_hpc_vs,-0.01414926344448899,0.01414926344448899
right_main,556,119732,199,c_ICV,6.392934650483093e-4,6.392934650483093e-4
right_main,556,119732,199,c_right_hpc_vs,-0.09849880678859753,0.09849880678859753
right_main,557,366446,200,c_ICV,-0.03280426412558429,0.03280426412558429
right_main,557,366446,200,c_right_hpc_vs,0.038285503735204854,0.038285503735204854
right_main,558,167238,201,c_ICV,-0.007320186772875831,0.007320186772875831
right_main,558,167238,201,c_right_hpc_vs,0.0371606879433898,0.0371606879433898
right_main,559,519950,202,c_ICV,-0.009660078623194951,0.009660078623194951
right_main,559,519950,202,c_right_hpc_vs,-7.234712896088519e-4,7.234712896088519e-4
right_main,560,492754,203,c_ICV,0.018374995613273937,0.018374995613273937
right_main,560,492754,203,c_right_hpc_vs,-0.028178721273163034,0.028178721273163034
right_main,561,724446,204,c_ICV,0.07363812778529377,0.07363812778529377
right_main,561,724446,204,c_right_hpc_vs,-0.022181676032987274,0.022181676032987274
right_main,562,155231,205,c_ICV,-0.0014751397049045753,0.0014751397049045753
right_main,562,155231,205,c_right_hpc_vs,0.01992870531701859,0.01992870531701859
right_main,563,158035,206,c_ICV,-0.03325704117728791,0.03325704117728791
right_main,563,158035,206,c_right_hpc_vs,-0.004222396611029105,0.004222396611029105
right_main,564,191336,207,c_ICV,-0.04944703403285277,0.04944703403285277
right_main,564,191336,207,c_right_hpc_vs,0.001656323684005914,0.001656323684005914
right_main,565,210617,208,c_ICV,0.00424000863824335,0.00424000863824335
right_main,565,210617,208,c_right_hpc_vs,-0.07937752650953138,0.07937752650953138
right_main,566,157437,209,c_ICV,-0.001742378590898221,0.001742378590898221
right_main,566,157437,209,c_right_hpc_vs,0.0048823031553546555,0.0048823031553546555
right_main,567,156435,210,c_ICV,0.07749818186312911,0.07749818186312911
right_main,567,156435,210,c_right_hpc_vs,-0.04134654410293569,0.04134654410293569
right_main,568,156637,211,c_ICV,-0.027902596690786506,0.027902596690786506
right_main,568,156637,211,c_right_hpc_vs,0.0028275299245169644,0.0028275299245169644
right_main,569,529953,212,c_ICV,-0.07515195462842178,0.07515195462842178
right_main,569,529953,212,c_right_hpc_vs,0.03646849749610713,0.03646849749610713
right_main,570,189450,213,c_ICV,-0.06571902679960231,0.06571902679960231
right_main,570,189450,213,c_right_hpc_vs,0.06508409222251206,0.06508409222251206
right_main,571,346945,214,c_ICV,0.0355490677905122,0.0355490677905122
right_main,571,346945,214,c_right_hpc_vs,-0.023712792251108325,0.023712792251108325
right_main,573,108121,215,c_ICV,0.11905392474553454,0.11905392474553454
right_main,573,108121,215,c_right_hpc_vs,-0.03674931430857003,0.03674931430857003
right_main,574,207123,216,c_ICV,-0.028938834386695998,0.028938834386695998
right_main,574,207123,216,c_right_hpc_vs,0.006383721648877871,0.006383721648877871
right_main,576,351938,217,c_ICV,-0.00807331830606828,0.00807331830606828
right_main,576,351938,217,c_right_hpc_vs,-0.003920945191360891,0.003920945191360891
right_main,577,548250,218,c_ICV,-0.00839910970636194,0.00839910970636194
right_main,577,548250,218,c_right_hpc_vs,-9.833412512894066e-4,9.833412512894066e-4
right_main,578,182739,219,c_ICV,0.00580961216277683,0.00580961216277683
right_main,578,182739,219,c_right_hpc_vs,-0.09483525276460716,0.09483525276460716
right_main,579,406836,220,c_ICV,-0.0035128710973117787,0.0035128710973117787
right_main,579,406836,220,c_right_hpc_vs,-0.0017436632482564684,0.0017436632482564684
right_main,580,380036,221,c_ICV,-0.025366975606964045,0.025366975606964045
right_main,580,380036,221,c_right_hpc_vs,-0.0066200922949505156,0.0066200922949505156
right_main,581,163129,222,c_ICV,0.007499715566543541,0.007499715566543541
right_main,581,163129,222,c_right_hpc_vs,-0.03116815995522058,0.03116815995522058
right_main,582,158136,223,c_ICV,0.044186664741933,0.044186664741933
right_main,582,158136,223,c_right_hpc_vs,-0.01066215504777014,0.01066215504777014
right_main,583,124220,224,c_ICV,0.037131554084814986,0.037131554084814986
right_main,583,124220,224,c_right_hpc_vs,0.04774637313604058,0.04774637313604058
right_main,584,146129,225,c_ICV,0.02210576122553491,0.02210576122553491
right_main,584,146129,225,c_right_hpc_vs,-0.03552613074649725,0.03552613074649725
right_main,585,160931,226,c_ICV,-7.812349667345315e-4,7.812349667345315e-4
right_main,585,160931,226,c_right_hpc_vs,-0.056975188420021576,0.056975188420021576
right_main,586,133625,227,c_ICV,-0.06861175335714968,0.06861175335714968
right_main,586,133625,227,c_right_hpc_vs,0.04914821638690063,0.04914821638690063
right_main,587,316835,228,c_ICV,0.004572727394385663,0.004572727394385663
right_main,587,316835,228,c_right_hpc_vs,0.011863685456259616,0.011863685456259616
right_main,588,120515,229,c_ICV,-0.05745414270190437,0.05745414270190437
right_main,588,120515,229,c_right_hpc_vs,-0.0063517296763334246,0.0063517296763334246
right_main,589,171330,230,c_ICV,0.03952743403665695,0.03952743403665695
right_main,589,171330,230,c_right_hpc_vs,-0.01773864067095763,0.01773864067095763
right_main,590,221319,231,c_ICV,0.05235686755343978,0.05235686755343978
right_main,590,221319,231,c_right_hpc_vs,-0.12492145679485617,0.12492145679485617
right_main,591,123925,232,c_ICV,-0.06635829629646499,0.06635829629646499
right_main,591,123925,232,c_right_hpc_vs,-0.026859597661556482,0.026859597661556482
right_main,592,667056,233,c_ICV,0.0064469107183215595,0.0064469107183215595
right_main,592,667056,233,c_right_hpc_vs,-0.0019675982223626575,0.0019675982223626575
right_main,593,132017,234,c_ICV,-0.013264994310891431,0.013264994310891431
right_main,593,132017,234,c_right_hpc_vs,0.03165712490085343,0.03165712490085343
right_main,594,623844,235,c_ICV,-0.017338268306525077,0.017338268306525077
right_main,594,623844,235,c_right_hpc_vs,0.10081699895073043,0.10081699895073043
right_main,595,788876,236,c_ICV,-0.034152088088337314,0.034152088088337314
right_main,595,788876,236,c_right_hpc_vs,-0.020882608662238702,0.020882608662238702
right_main,596,512835,237,c_ICV,-0.005231056155971117,0.005231056155971117
right_main,596,512835,237,c_right_hpc_vs,0.005450064599329295,0.005450064599329295
right_main,597,166438,238,c_ICV,0.009063909666012032,0.009063909666012032
right_main,597,166438,238,c_right_hpc_vs,0.007340162487469759,0.007340162487469759
right_main,598,930449,239,c_ICV,-0.039457050082460185,0.039457050082460185
right_main,598,930449,239,c_right_hpc_vs,-0.05503794927313553,0.05503794927313553
right_main,599,200109,240,c_ICV,-0.01254827063318279,0.01254827063318279
right_main,599,200109,240,c_right_hpc_vs,-0.0045220502199060505,0.0045220502199060505
right_main,600,231928,241,c_ICV,0.09547782816472149,0.09547782816472149
right_main,600,231928,241,c_right_hpc_vs,-0.0064083464938876275,0.0064083464938876275
right_main,601,270332,242,c_ICV,-0.0306584939197872,0.0306584939197872
right_main,601,270332,242,c_right_hpc_vs,0.03377920215282964,0.03377920215282964
right_main,602,786569,243,c_ICV,-0.006751021574509986,0.006751021574509986
right_main,602,786569,243,c_right_hpc_vs,-0.00379116064782789,0.00379116064782789
right_main,604,837560,244,c_ICV,0.014159070192077782,0.014159070192077782
right_main,604,837560,244,c_right_hpc_vs,-0.019160844915109942,0.019160844915109942
right_main,605,567961,245,c_ICV,0.040313025245507936,0.040313025245507936
right_main,605,567961,245,c_right_hpc_vs,-0.0034271403732163037,0.0034271403732163037
right_main,606,390645,246,c_ICV,-0.029964178358289045,0.029964178358289045
right_main,606,390645,246,c_right_hpc_vs,-0.006586674341159028,0.006586674341159028
right_main,607,180129,247,c_ICV,6.714492049373014e-4,6.714492049373014e-4
right_main,607,180129,247,c_right_hpc_vs,0.01062309485952103,0.01062309485952103
right_main,608,113922,248,c_ICV,0.05539139208085815,0.05539139208085815
right_main,608,113922,248,c_right_hpc_vs,0.02338294396433504,0.02338294396433504
right_main,609,158338,249,c_ICV,0.02816573381584037,0.02816573381584037
right_main,609,158338,249,c_right_hpc_vs,-0.0024346136484102382,0.0024346136484102382
right_main,610,180432,250,c_ICV,-0.02094067310076954,0.02094067310076954
right_main,610,180432,250,c_right_hpc_vs,-0.04529457548047462,0.04529457548047462
right_main,611,101410,251,c_ICV,-0.06462573855768895,0.06462573855768895
right_main,611,101410,251,c_right_hpc_vs,0.0020738706482161012,0.0020738706482161012
right_main,612,175742,252,c_ICV,-0.057035603465314375,0.057035603465314375
right_main,612,175742,252,c_right_hpc_vs,0.037831610991037115,0.037831610991037115
right_main,614,201414,253,c_ICV,-0.013660295680206085,0.013660295680206085
right_main,614,201414,253,c_right_hpc_vs,0.017345557117724928,0.017345557117724928
right_main,615,479762,254,c_ICV,-0.02464982252173568,0.02464982252173568
right_main,615,479762,254,c_right_hpc_vs,-0.00437328328365404,0.00437328328365404
right_main,616,833249,255,c_ICV,0.0012311701780753808,0.0012311701780753808
right_main,616,833249,255,c_right_hpc_vs,0.024816894867573405,0.024816894867573405
right_main,617,131924,256,c_ICV,0.030330561151555923,0.030330561151555923
right_main,617,131924,256,c_right_hpc_vs,0.0840871004860731,0.0840871004860731
right_main,618,250427,257,c_ICV,0.03734351697384736,0.03734351697384736
right_main,618,250427,257,c_right_hpc_vs,0.020549144663706543,0.020549144663706543
right_main,619,673455,258,c_ICV,0.018921033145606368,0.018921033145606368
right_main,619,673455,258,c_right_hpc_vs,-0.04277518552239182,0.04277518552239182
right_main,620,618952,259,c_ICV,-0.019871319971825632,0.019871319971825632
right_main,620,618952,259,c_right_hpc_vs,5.646113620719303e-4,5.646113620719303e-4
right_main,621,415837,260,c_ICV,0.013476800370561119,0.013476800370561119
right_main,621,415837,260,c_right_hpc_vs,-0.04022483722365851,0.04022483722365851
right_main,623,209329,261,c_ICV,0.007210711737262943,0.007210711737262943
right_main,623,209329,261,c_right_hpc_vs,0.008643648610449221,0.008643648610449221
right_main,624,212823,262,c_ICV,-0.014921120115084683,0.014921120115084683
right_main,624,212823,262,c_right_hpc_vs,-0.056387403498181346,0.056387403498181346
right_main,625,581349,263,c_ICV,-0.024276019543125874,0.024276019543125874
right_main,625,581349,263,c_right_hpc_vs,-0.04021927473212895,0.04021927473212895
right_main,626,877269,264,c_ICV,-0.058695274147840856,0.058695274147840856
right_main,626,877269,264,c_right_hpc_vs,0.02254292727614276,0.02254292727614276
right_main,627,395251,265,c_ICV,0.010105656911687229,0.010105656911687229
right_main,627,395251,265,c_right_hpc_vs,-0.03571147690959236,0.03571147690959236
right_main,628,321323,266,c_ICV,0.02125550863065616,0.02125550863065616
right_main,628,321323,266,c_right_hpc_vs,0.06326636629074646,0.06326636629074646
right_main,629,118730,267,c_ICV,-0.028418421896873724,0.028418421896873724
right_main,629,118730,267,c_right_hpc_vs,0.008324713924269096,0.008324713924269096
right_main,630,531536,268,c_ICV,-0.02828182331706139,0.02828182331706139
right_main,630,531536,268,c_right_hpc_vs,0.014292718365269408,0.014292718365269408
right_main,631,308129,269,c_ICV,0.05682428020132624,0.05682428020132624
right_main,631,308129,269,c_right_hpc_vs,0.017499559700204906,0.017499559700204906
right_main,632,672756,270,c_ICV,-0.008068480210345438,0.008068480210345438
right_main,632,672756,270,c_right_hpc_vs,-0.003862663996519974,0.003862663996519974
right_main,633,131823,271,c_ICV,-0.048860657700674014,0.048860657700674014
right_main,633,131823,271,c_right_hpc_vs,0.02053392003189194,0.02053392003189194
right_main,634,173435,272,c_ICV,0.043819303497104424,0.043819303497104424
right_main,634,173435,272,c_right_hpc_vs,-0.09220243760333828,0.09220243760333828
right_main,635,844961,273,c_ICV,0.04010397288248661,0.04010397288248661
right_main,635,844961,273,c_right_hpc_vs,0.019892350427188434,0.019892350427188434
right_main,636,106016,274,c_ICV,-0.0714407136573711,0.0714407136573711
right_main,636,106016,274,c_right_hpc_vs,0.009342478750526703,0.009342478750526703
right_main,637,161327,275,c_ICV,-0.007833759592246674,0.007833759592246674
right_main,637,161327,275,c_right_hpc_vs,-0.0038143898927440524,0.0038143898927440524
right_main,638,545345,276,c_ICV,-0.029634417860692597,0.029634417860692597
right_main,638,545345,276,c_right_hpc_vs,0.010852176992031278,0.010852176992031278
right_main,639,303624,277,c_ICV,-0.024920472692630317,0.024920472692630317
right_main,639,303624,277,c_right_hpc_vs,-0.015244122342013321,0.015244122342013321
right_main,640,103111,278,c_ICV,-0.031807652628776245,0.031807652628776245
right_main,640,103111,278,c_right_hpc_vs,0.02346612238620577,0.02346612238620577
right_main,641,859671,279,c_ICV,0.05104782044134362,0.05104782044134362
right_main,641,859671,279,c_right_hpc_vs,0.04606869935335334,0.04606869935335334
right_main,643,175237,280,c_ICV,0.0010138447998587865,0.0010138447998587865
right_main,643,175237,280,c_right_hpc_vs,-0.01391320519784144,0.01391320519784144
right_main,644,910443,281,c_ICV,0.008768365714017954,0.008768365714017954
right_main,644,910443,281,c_right_hpc_vs,-0.0702008435441012,0.0702008435441012
right_main,645,146533,282,c_ICV,0.11980190565326337,0.11980190565326337
right_main,645,146533,282,c_right_hpc_vs,0.020802083223808106,0.020802083223808106
right_main,646,129634,283,c_ICV,0.028624444497425388,0.028624444497425388
right_main,646,129634,283,c_right_hpc_vs,-0.029210555605782933,0.029210555605782933
right_main,647,792564,284,c_ICV,-0.010307230291893702,0.010307230291893702
right_main,647,792564,284,c_right_hpc_vs,0.038496474083719326,0.038496474083719326
right_main,648,285446,285,c_ICV,-0.004413380520717412,0.004413380520717412
right_main,648,285446,285,c_right_hpc_vs,0.008851851651032286,0.008851851651032286
right_main,649,160830,286,c_ICV,-0.0050234938158207265,0.0050234938158207265
right_main,649,160830,286,c_right_hpc_vs,-0.042068090424376564,0.042068090424376564
right_main,650,128935,287,c_ICV,0.019403601240568526,0.019403601240568526
right_main,650,128935,287,c_right_hpc_vs,0.0015225036372677615,0.0015225036372677615
right_main,652,679770,288,c_ICV,-0.006244138817372267,0.006244138817372267
right_main,652,679770,288,c_right_hpc_vs,0.010261908300309285,0.010261908300309285
right_main,653,280739,289,c_ICV,-0.03849739745881011,0.03849739745881011
right_main,653,280739,289,c_right_hpc_vs,-0.017163587070584758,0.017163587070584758
right_main,655,122822,290,c_ICV,-0.04003488173322186,0.04003488173322186
right_main,655,122822,290,c_right_hpc_vs,-0.048028325700471955,0.048028325700471955
right_main,656,152831,291,c_ICV,0.011384754542096642,0.011384754542096642
right_main,656,152831,291,c_right_hpc_vs,0.04329667598642437,0.04329667598642437
right_main,657,119833,292,c_ICV,0.005241003002371362,0.005241003002371362
right_main,657,119833,292,c_right_hpc_vs,-0.03702687732750002,0.03702687732750002
right_main,658,145834,293,c_ICV,-9.865963540542574e-4,9.865963540542574e-4
right_main,658,145834,293,c_right_hpc_vs,0.04833983467742182,0.04833983467742182
right_main,659,101006,294,c_ICV,0.05680415234732983,0.05680415234732983
right_main,659,101006,294,c_right_hpc_vs,0.04532766634521625,0.04532766634521625
right_main,660,695768,295,c_ICV,0.014080241581901758,0.014080241581901758
right_main,660,695768,295,c_right_hpc_vs,0.06665733644344841,0.06665733644344841
right_main,661,111514,296,c_ICV,-0.05567918569333249,0.05567918569333249
right_main,661,111514,296,c_right_hpc_vs,-0.007632846434307869,0.007632846434307869
right_main,663,393550,297,c_ICV,-0.008352003291588821,0.008352003291588821
right_main,663,393550,297,c_right_hpc_vs,0.002454636681201588,0.002454636681201588
right_main,664,117930,298,c_ICV,0.01958090046763852,0.01958090046763852
right_main,664,117930,298,c_right_hpc_vs,-0.03708210640529047,0.03708210640529047
right_main,665,882161,299,c_ICV,-0.0653830728356611,0.0653830728356611
right_main,665,882161,299,c_right_hpc_vs,0.02330326509402288,0.02330326509402288
right_main,666,178647,300,c_ICV,-0.005528136284686998,0.005528136284686998
right_main,666,178647,300,c_right_hpc_vs,1.2832451764675895e-4,1.2832451764675895e-4
right_main,667,101107,301,c_ICV,0.032539216013228095,0.032539216013228095
right_main,667,101107,301,c_right_hpc_vs,0.011473530454783313,0.011473530454783313
right_main,668,553344,302,c_ICV,0.08789992847439328,0.08789992847439328
right_main,668,553344,302,c_right_hpc_vs,-0.05559084461833665,0.05559084461833665
right_main,669,361234,303,c_ICV,0.0038074487030392993,0.0038074487030392993
right_main,669,361234,303,c_right_hpc_vs,0.01107225195248812,0.01107225195248812
right_main,670,151526,304,c_ICV,0.07377157318134621,0.07377157318134621
right_main,670,151526,304,c_right_hpc_vs,0.005080042017426918,0.005080042017426918
right_main,671,212217,305,c_ICV,-0.023799795921746397,0.023799795921746397
right_main,671,212217,305,c_right_hpc_vs,-0.07293423131001486,0.07293423131001486
right_main,672,922854,306,c_ICV,-0.026557113544095606,0.026557113544095606
right_main,672,922854,306,c_right_hpc_vs,0.004448791894956466,0.004448791894956466
right_main,673,622236,307,c_ICV,-0.009368582583389408,0.009368582583389408
right_main,673,622236,307,c_right_hpc_vs,0.07236690395777243,0.07236690395777243
right_main,674,173940,308,c_ICV,-0.006403406716700374,0.006403406716700374
right_main,674,173940,308,c_right_hpc_vs,0.005998900027110864,0.005998900027110864
right_main,675,358144,309,c_ICV,-0.0023897964501362347,0.0023897964501362347
right_main,675,358144,309,c_right_hpc_vs,-0.002536796424814682,0.002536796424814682
right_main,676,163836,310,c_ICV,-0.08060560356940237,0.08060560356940237
right_main,676,163836,310,c_right_hpc_vs,0.02960734668595586,0.02960734668595586
right_main,677,113215,311,c_ICV,-0.023010606309136625,0.023010606309136625
right_main,677,113215,311,c_right_hpc_vs,-0.007389879839601876,0.007389879839601876
right_main,678,843151,312,c_ICV,-0.02224346034734388,0.02224346034734388
right_main,678,843151,312,c_right_hpc_vs,-0.005671464957475123,0.005671464957475123
right_main,679,572045,313,c_ICV,-0.006650972692213245,0.006650972692213245
right_main,679,572045,313,c_right_hpc_vs,0.008947444109727547,0.008947444109727547
right_main,680,191033,314,c_ICV,0.011634253410540083,0.011634253410540083
right_main,680,191033,314,c_right_hpc_vs,-0.014966800350205896,0.014966800350205896
right_main,681,162935,315,c_ICV,-0.021709004301763805,0.021709004301763805
right_main,681,162935,315,c_right_hpc_vs,-0.020749337136866757,0.020749337136866757
right_main,682,148133,316,c_ICV,0.01137372571013414,0.01137372571013414
right_main,682,148133,316,c_right_hpc_vs,0.07388287885010443,0.07388287885010443
right_main,683,524135,317,c_ICV,-0.008030155755404172,0.008030155755404172
right_main,683,524135,317,c_right_hpc_vs,0.010474456316230169,0.010474456316230169
right_main,684,841349,318,c_ICV,-0.006678463145443875,0.006678463145443875
right_main,684,841349,318,c_right_hpc_vs,-0.0024103879367031187,0.0024103879367031187
right_main,685,871964,319,c_ICV,-0.03183069722740482,0.03183069722740482
right_main,685,871964,319,c_right_hpc_vs,0.02322626285718811,0.02322626285718811
right_main,686,211215,320,c_ICV,-0.003754755128492657,0.003754755128492657
right_main,686,211215,320,c_right_hpc_vs,-0.0020053041540193787,0.0020053041540193787
right_main,687,664757,321,c_ICV,-0.010265634504434051,0.010265634504434051
right_main,687,664757,321,c_right_hpc_vs,0.025464760015003356,0.025464760015003356
right_main,688,137229,322,c_ICV,-0.007627649834042258,0.007627649834042258
right_main,688,137229,322,c_right_hpc_vs,-0.0012449062883153849,0.0012449062883153849
right_main,689,191942,323,c_ICV,0.036435548218335057,0.036435548218335057
right_main,689,191942,323,c_right_hpc_vs,0.02581836500170539,0.02581836500170539
right_main,690,120212,324,c_ICV,0.06880921987030755,0.06880921987030755
right_main,690,120212,324,c_right_hpc_vs,-0.059966563222589156,0.059966563222589156
right_main,691,395756,325,c_ICV,-0.02321948401280362,0.02321948401280362
right_main,691,395756,325,c_right_hpc_vs,0.012632344136480947,0.012632344136480947
right_main,692,330324,326,c_ICV,-0.019589119903368448,0.019589119903368448
right_main,692,330324,326,c_right_hpc_vs,-0.011681236401954957,0.011681236401954957
right_main,693,826353,327,c_ICV,-0.0020731077419841063,0.0020731077419841063
right_main,693,826353,327,c_right_hpc_vs,0.0010246117837050663,0.0010246117837050663
right_main,694,108525,328,c_ICV,0.006786997761253326,0.006786997761253326
right_main,694,108525,328,c_right_hpc_vs,0.07122141539836567,0.07122141539836567
right_main,695,211114,329,c_ICV,0.026558037108833803,0.026558037108833803
right_main,695,211114,329,c_right_hpc_vs,-0.07977427898044809,0.07977427898044809
right_main,696,134728,330,c_ICV,-0.034222161257199554,0.034222161257199554
right_main,696,134728,330,c_right_hpc_vs,0.04968707337065412,0.04968707337065412
right_main,697,171532,331,c_ICV,0.007218485109054854,0.007218485109054854
right_main,697,171532,331,c_right_hpc_vs,0.002322070340227232,0.002322070340227232
right_main,698,298051,332,c_ICV,0.08095801518007976,0.08095801518007976
right_main,698,298051,332,c_right_hpc_vs,-0.03942430096682491,0.03942430096682491
right_main,699,162228,333,c_ICV,0.14894912051477208,0.14894912051477208
right_main,699,162228,333,c_right_hpc_vs,0.031209559033477097,0.031209559033477097
right_main,700,154936,334,c_ICV,-0.003706613581497637,0.003706613581497637
right_main,700,154936,334,c_right_hpc_vs,-8.880071982017776e-4,8.880071982017776e-4
right_main,701,486759,335,c_ICV,-0.00580091395624151,0.00580091395624151
right_main,701,486759,335,c_right_hpc_vs,-0.007485560253890408,0.007485560253890408
right_main,702,153025,336,c_ICV,-0.0014171761969250488,0.0014171761969250488
right_main,702,153025,336,c_right_hpc_vs,0.005019356797019605,0.005019356797019605
right_main,703,907656,337,c_ICV,0.02414358793088011,0.02414358793088011
right_main,703,907656,337,c_right_hpc_vs,-0.00962283143943371,0.00962283143943371
right_main,705,391748,338,c_ICV,0.018619894648046906,0.018619894648046906
right_main,705,391748,338,c_right_hpc_vs,0.07500042043725401,0.07500042043725401
right_main,707,297655,339,c_ICV,-0.052057675905368785,0.052057675905368785
right_main,707,297655,339,c_right_hpc_vs,-0.007902739809001766,0.007902739809001766
right_main,708,131217,340,c_ICV,-0.008286674313019842,0.008286674313019842
right_main,708,131217,340,c_right_hpc_vs,-0.0019595184599350696,0.0019595184599350696
right_main,709,205725,341,c_ICV,0.02296949292632754,0.02296949292632754
right_main,709,205725,341,c_right_hpc_vs,0.011187753187787662,0.011187753187787662
right_main,710,770352,342,c_ICV,0.042602768189242524,0.042602768189242524
right_main,710,770352,342,c_right_hpc_vs,-0.01222293547379981,0.01222293547379981
right_main,711,211720,343,c_ICV,0.01743743097969843,0.01743743097969843
right_main,711,211720,343,c_right_hpc_vs,0.04903647456810928,0.04903647456810928
right_main,712,473952,344,c_ICV,-0.07176894144515125,0.07176894144515125
right_main,712,473952,344,c_right_hpc_vs,0.029401108910452833,0.029401108910452833
right_main,713,381038,345,c_ICV,-0.02984948066069046,0.02984948066069046
right_main,713,381038,345,c_right_hpc_vs,0.03948553906759916,0.03948553906759916
right_main,714,627549,346,c_ICV,0.046009811100916724,0.046009811100916724
right_main,714,627549,346,c_right_hpc_vs,-0.008974339956373931,0.008974339956373931
right_main,715,679568,347,c_ICV,0.005375514147494238,0.005375514147494238
right_main,715,679568,347,c_right_hpc_vs,-0.025069705035008993,0.025069705035008993
right_main,716,154229,348,c_ICV,0.07475292384303779,0.07475292384303779
right_main,716,154229,348,c_right_hpc_vs,-0.00710188739094215,0.00710188739094215
right_main,717,116221,349,c_ICV,-0.04226537863758946,0.04226537863758946
right_main,717,116221,349,c_right_hpc_vs,0.01242914366550104,0.01242914366550104
right_main,718,191841,350,c_ICV,-0.009472372068140458,0.009472372068140458
right_main,718,191841,350,c_right_hpc_vs,-8.41451541199782e-4,8.41451541199782e-4
right_main,719,393247,351,c_ICV,-0.009434450010746616,0.009434450010746616
right_main,719,393247,351,c_right_hpc_vs,-8.323465793449024e-4,8.323465793449024e-4
right_main,720,156536,352,c_ICV,-0.007474791161448843,0.007474791161448843
right_main,720,156536,352,c_right_hpc_vs,0.0056568378803011,0.0056568378803011
right_main,721,130316,353,c_ICV,0.008874259150078502,0.008874259150078502
right_main,721,130316,353,c_right_hpc_vs,-0.005950045397027117,0.005950045397027117
right_main,722,837964,354,c_ICV,0.0015348098036769523,0.0015348098036769523
right_main,722,837964,354,c_right_hpc_vs,0.0018009833447309093,0.0018009833447309093
right_main,723,255639,355,c_ICV,0.0058194873169482905,0.0058194873169482905
right_main,723,255639,355,c_right_hpc_vs,-0.02145917986407594,0.02145917986407594
right_main,724,220721,356,c_ICV,-1.2117221324959295e-4,1.2117221324959295e-4
right_main,724,220721,356,c_right_hpc_vs,0.0036730475370758244,0.0036730475370758244
right_main,725,573249,357,c_ICV,-0.035791440536436604,0.035791440536436604
right_main,725,573249,357,c_right_hpc_vs,0.014327736126747362,0.014327736126747362
right_main,727,571144,358,c_ICV,0.010883791289496743,0.010883791289496743
right_main,727,571144,358,c_right_hpc_vs,-0.006010959276205653,0.006010959276205653
right_main,728,204016,359,c_ICV,-0.007729889321695388,0.007729889321695388
right_main,728,204016,359,c_right_hpc_vs,-0.004436237007148653,0.004436237007148653
right_main,729,693764,360,c_ICV,0.09339283921843645,0.09339283921843645
right_main,729,693764,360,c_right_hpc_vs,-0.04455841641212956,0.04455841641212956
right_main,730,172938,361,c_ICV,0.04425492927902995,0.04425492927902995
right_main,730,172938,361,c_right_hpc_vs,0.0470584199844731,0.0470584199844731
right_main,731,180735,362,c_ICV,-0.007914098736821655,0.007914098736821655
right_main,731,180735,362,c_right_hpc_vs,-0.005151994431767074,0.005151994431767074
right_main,732,856968,363,c_ICV,0.07799575324945571,0.07799575324945571
right_main,732,856968,363,c_right_hpc_vs,-0.020660693624811384,0.020660693624811384
right_main,733,199150,364,c_ICV,-0.0018973029863260413,0.0018973029863260413
right_main,733,199150,364,c_right_hpc_vs,-0.09309254019358457,0.09309254019358457
right_main,734,510326,365,c_ICV,-0.005633098849287536,0.005633098849287536
right_main,734,510326,365,c_right_hpc_vs,4.275947543329104e-5,4.275947543329104e-5
right_main,735,573451,366,c_ICV,-0.0023793985467985843,0.0023793985467985843
right_main,735,573451,366,c_right_hpc_vs,-0.021482686088665708,0.021482686088665708
right_main,736,767464,367,c_ICV,0.018672482917615526,0.018672482917615526
right_main,736,767464,367,c_right_hpc_vs,0.009388708325252158,0.009388708325252158
right_main,737,196144,368,c_ICV,-0.003972075532232025,0.003972075532232025
right_main,737,196144,368,c_right_hpc_vs,-0.0021067464053985976,0.0021067464053985976
right_main,738,816653,369,c_ICV,0.00016768840473253951,0.00016768840473253951
right_main,738,816653,369,c_right_hpc_vs,-0.009330233541220624,0.009330233541220624
right_main,739,761957,370,c_ICV,-0.002577775401292149,0.002577775401292149
right_main,739,761957,370,c_right_hpc_vs,-0.0010230237378785797,0.0010230237378785797
right_main,740,133827,371,c_ICV,-0.06537526075906934,0.06537526075906934
right_main,740,133827,371,c_right_hpc_vs,0.0531273424741991,0.0531273424741991
right_main,741,145127,372,c_ICV,0.0142689047487832,0.0142689047487832
right_main,741,145127,372,c_right_hpc_vs,-0.011843751208980902,0.011843751208980902
right_main,742,645551,373,c_ICV,-0.007171621383803438,0.007171621383803438
right_main,742,645551,373,c_right_hpc_vs,-0.004571953083520508,0.004571953083520508
right_main,743,139839,374,c_ICV,-0.027677389649729486,0.027677389649729486
right_main,743,139839,374,c_right_hpc_vs,-4.581799988911387e-5,4.581799988911387e-5
right_main,744,106521,375,c_ICV,0.054745036685271205,0.054745036685271205
right_main,744,106521,375,c_right_hpc_vs,-7.169944949341287e-4,7.169944949341287e-4
right_main,745,144125,376,c_ICV,-0.033093179637428305,0.033093179637428305
right_main,745,144125,376,c_right_hpc_vs,-0.02565099162896939,0.02565099162896939
right_main,746,555651,377,c_ICV,-0.013345675462692108,0.013345675462692108
right_main,746,555651,377,c_right_hpc_vs,-0.08143894213737435,0.08143894213737435
right_main,747,171633,378,c_ICV,0.06184970869608186,0.06184970869608186
right_main,747,171633,378,c_right_hpc_vs,0.0694497933416161,0.0694497933416161
right_main,748,173536,379,c_ICV,-0.005432897915892385,0.005432897915892385
right_main,748,173536,379,c_right_hpc_vs,0.005395532704405378,0.005395532704405378
right_main,749,300618,380,c_ICV,-0.012438514664555523,0.012438514664555523
right_main,749,300618,380,c_right_hpc_vs,-0.015554668954271243,0.015554668954271243
right_main,750,412528,381,c_ICV,-0.05599515623218335,0.05599515623218335
right_main,750,412528,381,c_right_hpc_vs,0.07785169290518879,0.07785169290518879
right_main,751,159441,382,c_ICV,-0.009904105487709064,0.009904105487709064
right_main,751,159441,382,c_right_hpc_vs,0.011000102668735648,0.011000102668735648
right_main,752,112314,383,c_ICV,-0.00788995064769415,0.00788995064769415
right_main,752,112314,383,c_right_hpc_vs,-0.0030406742276260492,0.0030406742276260492
right_main,753,668361,384,c_ICV,-9.790639297690665e-4,9.790639297690665e-4
right_main,753,668361,384,c_right_hpc_vs,-0.01858443063575345,0.01858443063575345
right_main,754,604537,385,c_ICV,-0.0065781001127765155,0.0065781001127765155
right_main,754,604537,385,c_right_hpc_vs,0.0244510538015732,0.0244510538015732
right_main,755,117122,386,c_ICV,0.0024312541178070418,0.0024312541178070418
right_main,755,117122,386,c_right_hpc_vs,-0.018190861074645136,0.018190861074645136
right_main,756,654754,387,c_ICV,-0.03984433711556271,0.03984433711556271
right_main,756,654754,387,c_right_hpc_vs,-0.011087419681062919,0.011087419681062919
right_main,758,157942,388,c_ICV,-0.011196882609503672,0.011196882609503672
right_main,758,157942,388,c_right_hpc_vs,0.006868022650129612,0.006868022650129612
right_main,759,223929,389,c_ICV,0.1317804641088808,0.1317804641088808
right_main,759,223929,389,c_right_hpc_vs,-0.08629836165210053,0.08629836165210053
right_main,760,803240,390,c_ICV,-0.009293707862388279,0.009293707862388279
right_main,760,803240,390,c_right_hpc_vs,-0.002231352858976418,0.002231352858976418
right_main,761,162733,391,c_ICV,-0.006902904095963547,0.006902904095963547
right_main,761,162733,391,c_right_hpc_vs,0.003855561590443095,0.003855561590443095
right_main,762,198855,392,c_ICV,0.004220706866813557,0.004220706866813557
right_main,762,198855,392,c_right_hpc_vs,0.0017231606726979842,0.0017231606726979842
right_main,763,500222,393,c_ICV,-0.0036274654500002435,0.0036274654500002435
right_main,763,500222,393,c_right_hpc_vs,0.07802394868378083,0.07802394868378083
right_main,764,108828,394,c_ICV,0.06471650673698455,0.06471650673698455
right_main,764,108828,394,c_right_hpc_vs,0.038978788217236306,0.038978788217236306
right_main,765,196346,395,c_ICV,-0.018031577453095637,0.018031577453095637
right_main,765,196346,395,c_right_hpc_vs,-0.003872510245733005,0.003872510245733005
right_main,766,856766,396,c_ICV,0.020665672500794985,0.020665672500794985
right_main,766,856766,396,c_right_hpc_vs,0.027093474461289263,0.027093474461289263
right_main,767,148840,397,c_ICV,-0.021449032303241498,0.021449032303241498
right_main,767,148840,397,c_right_hpc_vs,0.020582369249101982,0.020582369249101982
right_main,768,149539,398,c_ICV,-0.028733443976941303,0.028733443976941303
right_main,768,149539,398,c_right_hpc_vs,0.009165348641958884,0.009165348641958884
right_main,769,156031,399,c_ICV,0.07652505342157394,0.07652505342157394
right_main,769,156031,399,c_right_hpc_vs,0.03252884285789081,0.03252884285789081
right_main,770,131419,400,c_ICV,0.06582777560283183,0.06582777560283183
right_main,770,131419,400,c_right_hpc_vs,0.014633702598909374,0.014633702598909374
right_main,771,105620,401,c_ICV,-0.02917151343085096,0.02917151343085096
right_main,771,105620,401,c_right_hpc_vs,-0.004419003680025353,0.004419003680025353
right_main,772,159239,402,c_ICV,-0.0028155521564685515,0.0028155521564685515
right_main,772,159239,402,c_right_hpc_vs,0.09807476304488401,0.09807476304488401
right_main,773,115320,403,c_ICV,-0.054566999091266555,0.054566999091266555
right_main,773,115320,403,c_right_hpc_vs,-0.033965390039683435,0.033965390039683435
right_main,774,598568,404,c_ICV,-0.026023565459481236,0.026023565459481236
right_main,774,598568,404,c_right_hpc_vs,-0.01184629065954907,0.01184629065954907
right_main,775,308331,405,c_ICV,0.0092330797347062,0.0092330797347062
right_main,775,308331,405,c_right_hpc_vs,-0.00527994581768111,0.00527994581768111
right_main,776,562345,406,c_ICV,-0.049901087571086244,0.049901087571086244
right_main,776,562345,406,c_right_hpc_vs,-0.011374056261761247,0.011374056261761247
right_main,777,611938,407,c_ICV,-0.07491916867202011,0.07491916867202011
right_main,777,611938,407,c_right_hpc_vs,0.060980552487234344,0.060980552487234344
right_main,778,122620,408,c_ICV,0.03484128614368614,0.03484128614368614
right_main,778,122620,408,c_right_hpc_vs,0.022564834847007637,0.022564834847007637
right_main,779,175035,409,c_ICV,1.7864660559017932e-4,1.7864660559017932e-4
right_main,779,175035,409,c_right_hpc_vs,-0.02020557957870638,0.02020557957870638
right_main,780,102311,410,c_ICV,-0.009499031720807218,0.009499031720807218
right_main,780,102311,410,c_right_hpc_vs,2.491823969356201e-4,2.491823969356201e-4
right_main,781,129331,411,c_ICV,0.007890935807101719,0.007890935807101719
right_main,781,129331,411,c_right_hpc_vs,-0.017355604076255422,0.017355604076255422
right_main,782,290136,412,c_ICV,-0.008222946607671443,0.008222946607671443
right_main,782,290136,412,c_right_hpc_vs,-0.0013297001883730603,0.0013297001883730603
right_main,783,134021,413,c_ICV,-0.03696729505677785,0.03696729505677785
right_main,783,134021,413,c_right_hpc_vs,-0.03931142915890538,0.03931142915890538
right_main,784,748258,414,c_ICV,0.028049898883014908,0.028049898883014908
right_main,784,748258,414,c_right_hpc_vs,0.11155844670791537,0.11155844670791537
right_main,785,690152,415,c_ICV,-0.06499475172571227,0.06499475172571227
right_main,785,690152,415,c_right_hpc_vs,0.040769338175836334,0.040769338175836334
right_main,786,333330,416,c_ICV,0.20532028233844923,0.20532028233844923
right_main,786,333330,416,c_right_hpc_vs,0.04875809891613517,0.04875809891613517
right_main,787,124624,417,c_ICV,0.03505141062458842,0.03505141062458842
right_main,787,124624,417,c_right_hpc_vs,-0.01352117061625482,0.01352117061625482
right_main,788,901442,418,c_ICV,-0.033900570778894946,0.033900570778894946
right_main,788,901442,418,c_right_hpc_vs,0.09565260199943308,0.09565260199943308
right_main,789,127933,419,c_ICV,-0.011328018243179638,0.011328018243179638
right_main,789,127933,419,c_right_hpc_vs,-3.466284752182572e-4,3.466284752182572e-4
right_main,790,557857,420,c_ICV,-0.009048981340218962,0.009048981340218962
right_main,790,557857,420,c_right_hpc_vs,-4.2964900860438955e-4,4.2964900860438955e-4
right_main,791,118932,421,c_ICV,0.009255968389840719,0.009255968389840719
right_main,791,118932,421,c_right_hpc_vs,0.01933963964049188,0.01933963964049188
right_main,792,671855,422,c_ICV,-0.004058802851218089,0.004058802851218089
right_main,792,671855,422,c_right_hpc_vs,0.004335731264006714,0.004335731264006714
right_main,793,109123,423,c_ICV,-0.073227971738046585,0.073227971738046585
right_main,793,109123,423,c_right_hpc_vs,0.026303964931625207,0.026303964931625207
right_main,794,110411,424,c_ICV,-0.00487326188018069,0.00487326188018069
right_main,794,110411,424,c_right_hpc_vs,-0.030824044209577246,0.030824044209577246
right_main,796,749058,425,c_ICV,0.11691759470899689,0.11691759470899689
right_main,796,749058,425,c_right_hpc_vs,0.023063513506850035,0.023063513506850035
right_main,797,112112,426,c_ICV,0.050844921615584765,0.050844921615584765
right_main,797,112112,426,c_right_hpc_vs,-0.047399718652604124,0.047399718652604124
right_main,798,129028,427,c_ICV,-0.022360304088597162,0.022360304088597162
right_main,798,129028,427,c_right_hpc_vs,-0.04140773449060831,0.04140773449060831
right_main,799,901139,428,c_ICV,-0.008652745775641351,0.008652745775641351
right_main,799,901139,428,c_right_hpc_vs,0.006532225818688222,0.006532225818688222
right_main,800,248339,429,c_ICV,-0.0070184281634129595,0.0070184281634129595
right_main,800,248339,429,c_right_hpc_vs,-0.00394177228812814,0.00394177228812814
right_main,801,769064,430,c_ICV,0.03700040954446345,0.03700040954446345
right_main,801,769064,430,c_right_hpc_vs,-0.003283593977542783,0.003283593977542783
right_main,802,251833,431,c_ICV,0.005847380806930953,0.005847380806930953
right_main,802,251833,431,c_right_hpc_vs,0.003611601064577455,0.003611601064577455
right_main,803,285345,432,c_ICV,-0.013799698151382154,0.013799698151382154
right_main,803,285345,432,c_right_hpc_vs,0.01609783576705932,0.01609783576705932
right_main,804,742549,433,c_ICV,0.028327380768408336,0.028327380768408336
right_main,804,742549,433,c_right_hpc_vs,-4.489942037535847e-4,4.489942037535847e-4
right_main,805,100206,434,c_ICV,0.028559197735120518,0.028559197735120518
right_main,805,100206,434,c_right_hpc_vs,-0.006425882763758024,0.006425882763758024
right_main,806,957974,435,c_ICV,0.012580946150262772,0.012580946150262772
right_main,806,957974,435,c_right_hpc_vs,-0.019403187949979292,0.019403187949979292
right_main,807,583858,436,c_ICV,0.002596238380022107,0.002596238380022107
right_main,807,583858,436,c_right_hpc_vs,-0.014601661506832616,0.014601661506832616
right_main,808,159946,437,c_ICV,0.047853192496760184,0.047853192496760184
right_main,808,159946,437,c_right_hpc_vs,0.018179496902506087,0.018179496902506087
right_main,809,293748,438,c_ICV,0.01665504630218463,0.01665504630218463
right_main,809,293748,438,c_right_hpc_vs,-0.012438700806754731,0.012438700806754731
right_main,810,656657,439,c_ICV,-0.02356702615449088,0.02356702615449088
right_main,810,656657,439,c_right_hpc_vs,0.0015855425634112032,0.0015855425634112032
right_main,811,202113,440,c_ICV,-0.028311834606102725,0.028311834606102725
right_main,811,202113,440,c_right_hpc_vs,0.010534761672792752,0.010534761672792752
right_main,812,213421,441,c_ICV,-0.017619524096732724,0.017619524096732724
right_main,812,213421,441,c_right_hpc_vs,0.02123051683584224,0.02123051683584224
right_main,813,200917,442,c_ICV,0.004959680120299651,0.004959680120299651
right_main,813,200917,442,c_right_hpc_vs,0.031917033425587396,0.031917033425587396
right_main,814,159138,443,c_ICV,-0.0319024525842146,0.0319024525842146
right_main,814,159138,443,c_right_hpc_vs,0.03738826527780059,0.03738826527780059
right_main,815,194645,444,c_ICV,0.10879276964500516,0.10879276964500516
right_main,815,194645,444,c_right_hpc_vs,0.06069882940547724,0.06069882940547724
right_main,816,178849,445,c_ICV,-0.00794176489706603,0.00794176489706603
right_main,816,178849,445,c_right_hpc_vs,0.024784008357206944,0.024784008357206944
right_main,817,812746,446,c_ICV,-0.06930589227240849,0.06930589227240849
right_main,817,812746,446,c_right_hpc_vs,0.06599441892825719,0.06599441892825719
right_main,818,580044,447,c_ICV,0.05007674973257239,0.05007674973257239
right_main,818,580044,447,c_right_hpc_vs,-0.04327758930699737,0.04327758930699737
right_main,819,212116,448,c_ICV,-0.00809235111547301,0.00809235111547301
right_main,819,212116,448,c_right_hpc_vs,-0.0018154447689352528,0.0018154447689352528
right_main,820,130417,449,c_ICV,-0.05773835161092093,0.05773835161092093
right_main,820,130417,449,c_right_hpc_vs,-0.011955257821105797,0.011955257821105797
right_main,821,734045,450,c_ICV,-0.02537255606090022,0.02537255606090022
right_main,821,734045,450,c_right_hpc_vs,0.00554830298138332,0.00554830298138332
right_main,822,310621,451,c_ICV,-0.007769308126879901,0.007769308126879901
right_main,822,310621,451,c_right_hpc_vs,-0.002407932255016086,0.002407932255016086
right_main,823,856463,452,c_ICV,0.061762002931970206,0.061762002931970206
right_main,823,856463,452,c_right_hpc_vs,-0.03391779435374729,0.03391779435374729
right_main,824,303119,453,c_ICV,-0.02319333621901184,0.02319333621901184
right_main,824,303119,453,c_right_hpc_vs,-0.01428519036502734,0.01428519036502734
right_main,825,891667,454,c_ICV,0.018549345362099973,0.018549345362099973
right_main,825,891667,454,c_right_hpc_vs,-0.045698601955715165,0.045698601955715165
right_main,826,100307,455,c_ICV,-0.008178505800805763,0.008178505800805763
right_main,826,100307,455,c_right_hpc_vs,-0.0013617278725075695,0.0013617278725075695
right_main,827,849264,456,c_ICV,-0.0365495021741602,0.0365495021741602
right_main,827,849264,456,c_right_hpc_vs,-0.01867276970776872,0.01867276970776872
right_main,828,208327,457,c_ICV,-0.027234919385833566,0.027234919385833566
right_main,828,208327,457,c_right_hpc_vs,0.001140867870636141,0.001140867870636141
right_main,829,576255,458,c_ICV,0.0068561091557052655,0.0068561091557052655
right_main,829,576255,458,c_right_hpc_vs,-0.011131418018694413,0.011131418018694413
right_main,830,112516,459,c_ICV,-0.0393489014852809,0.0393489014852809
right_main,830,112516,459,c_right_hpc_vs,-0.08748490725534237,0.08748490725534237
right_main,831,175338,460,c_ICV,0.03828022559100707,0.03828022559100707
right_main,831,175338,460,c_right_hpc_vs,-0.054040763404552425,0.054040763404552425
right_main,832,164131,461,c_ICV,0.009743952257317341,0.009743952257317341
right_main,832,164131,461,c_right_hpc_vs,0.02147493968974447,0.02147493968974447
right_main,833,870861,462,c_ICV,0.012766810164760294,0.012766810164760294
right_main,833,870861,462,c_right_hpc_vs,8.749451346370289e-4,8.749451346370289e-4
right_main,834,227432,463,c_ICV,0.06232406342356477,0.06232406342356477
right_main,834,227432,463,c_right_hpc_vs,0.013446926372122987,0.013446926372122987
right_main,835,305830,464,c_ICV,0.04387396700638878,0.04387396700638878
right_main,835,305830,464,c_right_hpc_vs,0.0035666352907054717,0.0035666352907054717
right_main,836,149842,465,c_ICV,-0.008793032467608196,0.008793032467608196
right_main,836,149842,465,c_right_hpc_vs,-0.027792917530320222,0.027792917530320222
right_main,837,136833,466,c_ICV,0.011164802411167825,0.011164802411167825
right_main,837,136833,466,c_right_hpc_vs,-0.030419107708895964,0.030419107708895964
right_main,838,126628,467,c_ICV,-0.009678513702136075,0.009678513702136075
right_main,838,126628,467,c_right_hpc_vs,-5.338305139688806e-4,5.338305139688806e-4
right_main,839,181131,468,c_ICV,0.050106873150172815,0.050106873150172815
right_main,839,181131,468,c_right_hpc_vs,-0.031083046132587878,0.031083046132587878
right_main,840,617748,469,c_ICV,-0.02634922639082083,0.02634922639082083
right_main,840,617748,469,c_right_hpc_vs,-0.006742986912467941,0.006742986912467941
right_main,841,141826,470,c_ICV,-0.009423845445430056,0.009423845445430056
right_main,841,141826,470,c_right_hpc_vs,-0.0016235639017295252,0.0016235639017295252
right_main,842,414229,471,c_ICV,-0.003894640367625123,0.003894640367625123
right_main,842,414229,471,c_right_hpc_vs,-0.06056674973203868,0.06056674973203868
right_main,843,173738,472,c_ICV,0.0248289530065116,0.0248289530065116
right_main,843,173738,472,c_right_hpc_vs,-0.012502485497119457,0.012502485497119457
right_main,844,111716,473,c_ICV,-0.033474676837366456,0.033474676837366456
right_main,844,111716,473,c_right_hpc_vs,-0.0048683225673380225,0.0048683225673380225
right_main,845,134223,474,c_ICV,-0.009512531463908609,0.009512531463908609
right_main,845,134223,474,c_right_hpc_vs,-4.368867894471539e-4,4.368867894471539e-4
right_main,846,157336,475,c_ICV,-0.009147500933217164,0.009147500933217164
right_main,846,157336,475,c_right_hpc_vs,0.07932985580426119,0.07932985580426119
right_main,847,143325,476,c_ICV,-0.028508011331222535,0.028508011331222535
right_main,847,143325,476,c_right_hpc_vs,-0.010259150350813756,0.010259150350813756
right_main,848,585256,477,c_ICV,-0.00688380306886549,0.00688380306886549
right_main,848,585256,477,c_right_hpc_vs,0.10562511054625,0.10562511054625
right_main,849,845458,478,c_ICV,0.005381567985147743,0.005381567985147743
right_main,849,845458,478,c_right_hpc_vs,0.007135385974439965,0.007135385974439965
right_main,850,105923,479,c_ICV,-0.024932726014106725,0.024932726014106725
right_main,850,105923,479,c_right_hpc_vs,0.07967798378322874,0.07967798378322874
right_main,851,203418,480,c_ICV,-0.009062071332090336,0.009062071332090336
right_main,851,203418,480,c_right_hpc_vs,0.0264272267402694,0.0264272267402694
right_main,852,105115,481,c_ICV,-6.968674622416697e-4,6.968674622416697e-4
right_main,852,105115,481,c_right_hpc_vs,-0.008007180727727131,0.008007180727727131
right_main,853,179548,482,c_ICV,0.015844100413803255,0.015844100413803255
right_main,853,179548,482,c_right_hpc_vs,-0.026615763525061977,0.026615763525061977
right_main,855,910241,483,c_ICV,-0.05509305810937743,0.05509305810937743
right_main,855,910241,483,c_right_hpc_vs,-0.1158267625799192,0.1158267625799192
right_main,856,198350,484,c_ICV,0.03160401857200335,0.03160401857200335
right_main,856,198350,484,c_right_hpc_vs,-0.02539340112218388,0.02539340112218388
right_main,858,677766,485,c_ICV,-0.008916348759324918,0.008916348759324918
right_main,858,677766,485,c_right_hpc_vs,-0.01818024973619146,0.01818024973619146
right_main,859,124422,486,c_ICV,-0.017428842179859294,0.017428842179859294
right_main,859,124422,486,c_right_hpc_vs,-0.038106477927665736,0.038106477927665736
right_main,860,183034,487,c_ICV,0.048510835872046,0.048510835872046
right_main,860,183034,487,c_right_hpc_vs,0.07803094518555036,0.07803094518555036
right_main,861,204420,488,c_ICV,-0.05667622783550488,0.05667622783550488
right_main,861,204420,488,c_right_hpc_vs,0.029712999154731697,0.029712999154731697
right_main,862,217126,489,c_ICV,0.021825046633130504,0.021825046633130504
right_main,862,217126,489,c_right_hpc_vs,-0.04368555510462853,0.04368555510462853
right_main,863,168745,490,c_ICV,-0.001982528130611468,0.001982528130611468
right_main,863,168745,490,c_right_hpc_vs,0.011870597713353045,0.011870597713353045
right_main,864,436845,491,c_ICV,3.1323102775969284e-4,3.1323102775969284e-4
right_main,864,436845,491,c_right_hpc_vs,-0.005898085385443471,0.005898085385443471
right_main,865,395958,492,c_ICV,0.002256970248432689,0.002256970248432689
right_main,865,395958,492,c_right_hpc_vs,-0.05184779394172916,0.05184779394172916
right_main,866,432332,493,c_ICV,-0.00846825002777492,0.00846825002777492
right_main,866,432332,493,c_right_hpc_vs,0.0032929681749504953,0.0032929681749504953
right_main,867,904044,494,c_ICV,-0.023290422999823857,0.023290422999823857
right_main,867,904044,494,c_right_hpc_vs,-0.011090637649150518,0.011090637649150518
right_main,868,176239,495,c_ICV,-0.0283243340518821,0.0283243340518821
right_main,868,176239,495,c_right_hpc_vs,0.039570580833434704,0.039570580833434704
right_main,869,228434,496,c_ICV,-0.04838971280010619,0.04838971280010619
right_main,869,228434,496,c_right_hpc_vs,0.04434568682432316,0.04434568682432316
right_main,870,616645,497,c_ICV,-0.02484123827285369,0.02484123827285369
right_main,870,616645,497,c_right_hpc_vs,-0.019324666580805585,0.019324666580805585
right_main,871,104820,498,c_ICV,0.05351479614831002,0.05351479614831002
right_main,871,104820,498,c_right_hpc_vs,-0.07596421243894963,0.07596421243894963
right_main,872,151223,499,c_ICV,0.07285884423815488,0.07285884423815488
right_main,872,151223,499,c_right_hpc_vs,-0.09428231143069031,0.09428231143069031
right_main,873,173334,500,c_ICV,0.05389438218375401,0.05389438218375401
right_main,873,173334,500,c_right_hpc_vs,0.0770379408756078,0.0770379408756078
right_main,874,172433,501,c_ICV,3.03936876115773e-4,3.03936876115773e-4
right_main,874,172433,501,c_right_hpc_vs,0.05450341936884856,0.05450341936884856
right_main,875,173637,502,c_ICV,-0.009594468489668499,0.009594468489668499
right_main,875,173637,502,c_right_hpc_vs,-7.876636646817685e-4,7.876636646817685e-4
right_main,876,334635,503,c_ICV,0.0031773044936242068,0.0031773044936242068
right_main,876,334635,503,c_right_hpc_vs,0.018895425978826215,0.018895425978826215
right_main,877,627852,504,c_ICV,-0.07246145584757983,0.07246145584757983
right_main,877,627852,504,c_right_hpc_vs,-0.0425069333445329,0.0425069333445329
right_main,878,189349,505,c_ICV,0.018611181406103034,0.018611181406103034
right_main,878,189349,505,c_right_hpc_vs,0.027087631336887304,0.027087631336887304
right_main,879,113619,506,c_ICV,0.03975337573869125,0.03975337573869125
right_main,879,113619,506,c_right_hpc_vs,0.03259791502110007,0.03259791502110007
right_main,880,160123,507,c_ICV,-0.007968013600379551,0.007968013600379551
right_main,880,160123,507,c_right_hpc_vs,0.01636905559394116,0.01636905559394116
right_main,881,193239,508,c_ICV,-0.0033687812786405433,0.0033687812786405433
right_main,881,193239,508,c_right_hpc_vs,0.0018357328783472969,0.0018357328783472969
right_main,882,233326,509,c_ICV,0.01980911405945534,0.01980911405945534
right_main,882,233326,509,c_right_hpc_vs,-0.009646440367940998,0.009646440367940998
right_main,883,677968,510,c_ICV,-0.07330892999406013,0.07330892999406013
right_main,883,677968,510,c_right_hpc_vs,-0.010237604605148996,0.010237604605148996
right_main,884,705341,511,c_ICV,-0.019841574940376687,0.019841574940376687
right_main,884,705341,511,c_right_hpc_vs,-0.026701450330941224,0.026701450330941224
right_main,885,499566,512,c_ICV,-0.009517978885405252,0.009517978885405252
right_main,885,499566,512,c_right_hpc_vs,-0.0012649129296550047,0.0012649129296550047
right_main,886,121618,513,c_ICV,0.006060458606644737,0.006060458606644737
right_main,886,121618,513,c_right_hpc_vs,-0.09038614814206979,0.09038614814206979
right_main,887,366042,514,c_ICV,0.003907004554176334,0.003907004554176334
right_main,887,366042,514,c_right_hpc_vs,-0.008294837270630694,0.008294837270630694
right_main,888,433839,515,c_ICV,-0.009910815275448922,0.009910815275448922
right_main,888,433839,515,c_right_hpc_vs,0.0020717360511644193,0.0020717360511644193
right_main,889,441939,516,c_ICV,0.02327379364181015,0.02327379364181015
right_main,889,441939,516,c_right_hpc_vs,-0.15539113904990098,0.15539113904990098
right_main,890,154431,517,c_ICV,-0.03457936696761346,0.03457936696761346
right_main,890,154431,517,c_right_hpc_vs,0.06560355652468951,0.06560355652468951
right_main,891,178950,518,c_ICV,0.0055707025412315364,0.0055707025412315364
right_main,891,178950,518,c_right_hpc_vs,0.006633511474330101,0.006633511474330101
right_main,892,579867,519,c_ICV,9.810933330039202e-4,9.810933330039202e-4
right_main,892,579867,519,c_right_hpc_vs,4.077230262874321e-4,4.077230262874321e-4
right_main,895,170631,520,c_ICV,0.011050072015765865,0.011050072015765865
right_main,895,170631,520,c_right_hpc_vs,0.09236008428452534,0.09236008428452534
right_main,896,835657,521,c_ICV,0.021012272879221423,0.021012272879221423
right_main,896,835657,521,c_right_hpc_vs,-0.03230535937646926,0.03230535937646926
right_main,897,164030,522,c_ICV,-0.004320979144775007,0.004320979144775007
right_main,897,164030,522,c_right_hpc_vs,0.012793568358199748,0.012793568358199748
right_main,898,872562,523,c_ICV,-0.009721240648997556,0.009721240648997556
right_main,898,872562,523,c_right_hpc_vs,-7.572964872799678e-5,7.572964872799678e-5
right_main,899,239944,524,c_ICV,-0.00329940108415461,0.00329940108415461
right_main,899,239944,524,c_right_hpc_vs,0.0966205314548755,0.0966205314548755
right_main,900,149337,525,c_ICV,-0.00628991320679147,0.00628991320679147
right_main,900,149337,525,c_right_hpc_vs,-0.008491784982239183,0.008491784982239183
right_main,901,707749,526,c_ICV,0.01149315061317517,0.01149315061317517
right_main,901,707749,526,c_right_hpc_vs,0.09070430416145,0.09070430416145
right_main,902,318637,527,c_ICV,-0.06531873002431439,0.06531873002431439
right_main,902,318637,527,c_right_hpc_vs,-0.037925389264623494,0.037925389264623494
right_main,903,559053,528,c_ICV,-0.019312008590402586,0.019312008590402586
right_main,903,559053,528,c_right_hpc_vs,0.025548146806269097,0.025548146806269097
right_main,904,849971,529,c_ICV,0.046227924096246355,0.046227924096246355
right_main,904,849971,529,c_right_hpc_vs,-0.02464764651665742,0.02464764651665742
right_main,905,955465,530,c_ICV,-0.016048150527738822,0.016048150527738822
right_main,905,955465,530,c_right_hpc_vs,-0.04979937668137259,0.04979937668137259
right_main,906,599469,531,c_ICV,-0.03988765726341079,0.03988765726341079
right_main,906,599469,531,c_right_hpc_vs,-0.03808075168318504,0.03808075168318504
right_main,907,115017,532,c_ICV,-0.023608711965188836,0.023608711965188836
right_main,907,115017,532,c_right_hpc_vs,4.77066367219646e-4,4.77066367219646e-4
right_main,908,654350,533,c_ICV,-0.004444930468649392,0.004444930468649392
right_main,908,654350,533,c_right_hpc_vs,-0.013228719135542263,0.013228719135542263
right_main,909,387959,534,c_ICV,-0.06959730170548073,0.06959730170548073
right_main,909,387959,534,c_right_hpc_vs,0.021571921352042344,0.021571921352042344
right_main,910,683256,535,c_ICV,-0.009514851607608434,0.009514851607608434
right_main,910,683256,535,c_right_hpc_vs,-5.769511450917084e-4,5.769511450917084e-4
right_main,911,121416,536,c_ICV,0.08950277733542723,0.08950277733542723
right_main,911,121416,536,c_right_hpc_vs,0.07463608077022339,0.07463608077022339
right_main,912,208226,537,c_ICV,-0.009710848467603778,0.009710848467603778
right_main,912,208226,537,c_right_hpc_vs,-1.1954663409995502e-4,1.1954663409995502e-4
right_main,913,175439,538,c_ICV,-0.06138036946904258,0.06138036946904258
right_main,913,175439,538,c_right_hpc_vs,-0.02157344214237146,0.02157344214237146
right_main,914,149741,539,c_ICV,-0.008097386247039954,0.008097386247039954
right_main,914,149741,539,c_right_hpc_vs,-0.0338219046142602,0.0338219046142602
right_main,915,148335,540,c_ICV,-0.017568345599491636,0.017568345599491636
right_main,915,148335,540,c_right_hpc_vs,-0.05136543674466466,0.05136543674466466
right_main,916,257845,541,c_ICV,-0.004743156126727695,0.004743156126727695
right_main,916,257845,541,c_right_hpc_vs,-0.03159538517378784,0.03159538517378784
right_main,917,114823,542,c_ICV,-0.01673787838765881,0.01673787838765881
right_main,917,114823,542,c_right_hpc_vs,0.06027680036909184,0.06027680036909184
right_main,918,561242,543,c_ICV,0.19913684133055365,0.19913684133055365
right_main,918,561242,543,c_right_hpc_vs,-0.05592968742362222,0.05592968742362222
right_main,919,513736,544,c_ICV,0.027544179170449972,0.027544179170449972
right_main,919,513736,544,c_right_hpc_vs,0.14264627290742857,0.14264627290742857
right_main,920,865363,545,c_ICV,-0.00543319265609278,0.00543319265609278
right_main,920,865363,545,c_right_hpc_vs,0.022160897028156552,0.022160897028156552
right_main,921,613538,546,c_ICV,0.04684222564144939,0.04684222564144939
right_main,921,613538,546,c_right_hpc_vs,-0.06128572650580956,0.06128572650580956
right_main,922,422632,547,c_ICV,0.03894653192841365,0.03894653192841365
right_main,922,422632,547,c_right_hpc_vs,0.010246259077027392,0.010246259077027392
right_main,923,131722,548,c_ICV,0.011512483114178764,0.011512483114178764
right_main,923,131722,548,c_right_hpc_vs,-0.08040091333353822,0.08040091333353822
right_main,924,316633,549,c_ICV,-0.008011815146823977,0.008011815146823977
right_main,924,316633,549,c_right_hpc_vs,-0.006320256280569724,0.006320256280569724
right_main,925,107321,550,c_ICV,-0.006135156164379626,0.006135156164379626
right_main,925,107321,550,c_right_hpc_vs,-0.002858852668667094,0.002858852668667094
right_main,926,580751,551,c_ICV,-0.022707624217530507,0.022707624217530507
right_main,926,580751,551,c_right_hpc_vs,-0.024627967750846195,0.024627967750846195
right_main,927,802844,552,c_ICV,-0.05133525616545844,0.05133525616545844
right_main,927,802844,552,c_right_hpc_vs,0.039420016360066874,0.039420016360066874
right_main,928,114419,553,c_ICV,0.1285243424029398,0.1285243424029398
right_main,928,114419,553,c_right_hpc_vs,-0.03298261605127376,0.03298261605127376
right_main,929,759869,554,c_ICV,-0.01949105203836493,0.01949105203836493
right_main,929,759869,554,c_right_hpc_vs,-0.0036551922231301405,0.0036551922231301405
right_main,930,397154,555,c_ICV,0.009923288736489533,0.009923288736489533
right_main,930,397154,555,c_right_hpc_vs,-0.05625414444310274,0.05625414444310274
right_main,931,525541,556,c_ICV,0.023728320965044097,0.023728320965044097
right_main,931,525541,556,c_right_hpc_vs,0.01292657972907481,0.01292657972907481
right_main,932,453441,557,c_ICV,-0.01183702945763735,0.01183702945763735
right_main,932,453441,557,c_right_hpc_vs,0.02051871323459815,0.02051871323459815
right_main,933,108222,558,c_ICV,0.005649830692702985,0.005649830692702985
right_main,933,108222,558,c_right_hpc_vs,0.006594893247373161,0.006594893247373161
right_main,934,161630,559,c_ICV,0.055780077715747604,0.055780077715747604
right_main,934,161630,559,c_right_hpc_vs,0.04033715601139304,0.04033715601139304
right_main,935,107422,560,c_ICV,-0.004597041163396201,0.004597041163396201
right_main,935,107422,560,c_right_hpc_vs,0.01018279181943438,0.01018279181943438
right_main,936,211316,561,c_ICV,-0.06972663282896814,0.06972663282896814
right_main,936,211316,561,c_right_hpc_vs,0.08038981505661337,0.08038981505661337
right_main,937,135730,562,c_ICV,-0.048506277398357195,0.048506277398357195
right_main,937,135730,562,c_right_hpc_vs,-0.012820632554142883,0.012820632554142883
right_main,938,536647,563,c_ICV,-0.046598966188576826,0.046598966188576826
right_main,938,536647,563,c_right_hpc_vs,0.05570216925211605,0.05570216925211605
right_main,939,206222,564,c_ICV,-0.027813227820884107,0.027813227820884107
right_main,939,206222,564,c_right_hpc_vs,0.00975326744743513,0.00975326744743513
right_main,940,810843,565,c_ICV,-0.05612227936109349,0.05612227936109349
right_main,940,810843,565,c_right_hpc_vs,-0.03868056622063744,0.03868056622063744
right_main,942,162026,566,c_ICV,-0.0012120275258365545,0.0012120275258365545
right_main,942,162026,566,c_right_hpc_vs,-0.0014648262955706975,0.0014648262955706975
right_main,943,150726,567,c_ICV,-0.047603868939325944,0.047603868939325944
right_main,943,150726,567,c_right_hpc_vs,-0.06548494222776798,0.06548494222776798
right_main,944,826454,568,c_ICV,-0.009358177536085793,0.009358177536085793
right_main,944,826454,568,c_right_hpc_vs,-0.0017588063551181024,0.0017588063551181024
right_main,945,353740,569,c_ICV,0.023645523246039447,0.023645523246039447
right_main,945,353740,569,c_right_hpc_vs,0.01158103464882312,0.01158103464882312
right_main,946,103414,570,c_ICV,0.06040719763022164,0.06040719763022164
right_main,946,103414,570,c_right_hpc_vs,0.00239686408971998,0.00239686408971998
right_main,947,139233,571,c_ICV,0.1123740673536074,0.1123740673536074
right_main,947,139233,571,c_right_hpc_vs,-0.14206805101400619,0.14206805101400619
right_main,948,379657,572,c_ICV,-0.008525134237717785,0.008525134237717785
right_main,948,379657,572,c_right_hpc_vs,4.638753773326876e-4,4.638753773326876e-4
right_main,949,211417,573,c_ICV,0.05944368772388621,0.05944368772388621
right_main,949,211417,573,c_right_hpc_vs,-0.007222079048986041,0.007222079048986041
right_main,950,139637,574,c_ICV,-0.07941517571808951,0.07941517571808951
right_main,950,139637,574,c_right_hpc_vs,0.025850949422097185,0.025850949422097185
right_main,951,140117,575,c_ICV,-0.018712201195483554,0.018712201195483554
right_main,951,140117,575,c_right_hpc_vs,0.06936646612611695,0.06936646612611695
right_main,952,867468,576,c_ICV,0.218324048376236,0.218324048376236
right_main,952,867468,576,c_right_hpc_vs,-0.1543874888065968,0.1543874888065968
right_main,953,517239,577,c_ICV,-0.0537277035162695,0.0537277035162695
right_main,953,517239,577,c_right_hpc_vs,0.005071644079653762,0.005071644079653762
right_main,954,779370,578,c_ICV,0.006847778290867961,0.006847778290867961
right_main,954,779370,578,c_right_hpc_vs,0.03865333858638122,0.03865333858638122
right_main,955,180836,579,c_ICV,-0.07231822520685759,0.07231822520685759
right_main,955,180836,579,c_right_hpc_vs,-0.004589487443789179,0.004589487443789179
right_main,956,735148,580,c_ICV,0.08240063719220027,0.08240063719220027
right_main,956,735148,580,c_right_hpc_vs,0.0887010115707575,0.0887010115707575
right_main,957,165638,581,c_ICV,0.0035365948987117063,0.0035365948987117063
right_main,957,165638,581,c_right_hpc_vs,-0.04300828735946139,0.04300828735946139
right_main,958,105216,582,c_ICV,-0.016704597862264664,0.016704597862264664
right_main,958,105216,582,c_right_hpc_vs,-0.002918918217388723,0.002918918217388723
right_main,959,199958,583,c_ICV,-0.008312415804595723,0.008312415804595723
right_main,959,199958,583,c_right_hpc_vs,-0.004369462653673842,0.004369462653673842
right_main,960,164939,584,c_ICV,0.04638647284625707,0.04638647284625707
right_main,960,164939,584,c_right_hpc_vs,-0.04733468619571958,0.04733468619571958
right_main,961,119126,585,c_ICV,-0.0053955744191295785,0.0053955744191295785
right_main,961,119126,585,c_right_hpc_vs,0.001290786927354692,0.001290786927354692
right_main,962,140824,586,c_ICV,-0.03318260894215566,0.03318260894215566
right_main,962,140824,586,c_right_hpc_vs,0.054481931105093306,0.054481931105093306
right_main,963,144428,587,c_ICV,0.007171775932740406,0.007171775932740406
right_main,963,144428,587,c_right_hpc_vs,0.018352949088065496,0.018352949088065496
right_main,964,178243,588,c_ICV,-0.030694592373247842,0.030694592373247842
right_main,964,178243,588,c_right_hpc_vs,0.013718574011466736,0.013718574011466736
right_main,965,116524,589,c_ICV,-0.010086952824127327,0.010086952824127327
right_main,965,116524,589,c_right_hpc_vs,-0.04263346764009429,0.04263346764009429
right_main,966,195849,590,c_ICV,-0.08299115727189586,0.08299115727189586
right_main,966,195849,590,c_right_hpc_vs,-0.0719569354646085,0.0719569354646085
right_main,967,105014,591,c_ICV,-0.02037093763483977,0.02037093763483977
right_main,967,105014,591,c_right_hpc_vs,0.09909306428466759,0.09909306428466759
right_main,969,151829,592,c_ICV,0.001533104949638297,0.001533104949638297
right_main,969,151829,592,c_right_hpc_vs,0.007637228937292813,0.007637228937292813
right_main,970,168139,593,c_ICV,0.031767437626259214,0.031767437626259214
right_main,970,168139,593,c_right_hpc_vs,0.2602785407018875,0.2602785407018875
